opportunity_id,cluster,center_lat,center_lon,total_orders,avg_daily_orders,demand_level,competitors_within_2km,nearest_competitor_km,opportunity_score,opportunity_level
OPP001,4,12.945346061286763,77.64636398283358,19,19.0,High,2,1.89,62.51162790697674,High Opportunity
OPP002,4,12.936853857427959,77.65451961328715,18,18.0,High,2,1.89,61.116279069767444,High Opportunity
OPP003,1,12.990888581783265,77.78581102355307,14,14.0,High,0,2.13,59.53488372093023,High Opportunity
OPP004,1,12.945654259588075,77.77612061924685,13,13.0,High,0,2.43,58.13953488372093,High Opportunity
OPP005,4,12.937229681024974,77.66471086650743,14,14.0,High,2,1.16,55.53488372093023,High Opportunity
OPP006,4,12.945863299531121,77.65501595732805,14,14.0,High,2,1.45,55.53488372093023,High Opportunity
OPP007,1,12.946631005760466,77.76705655087144,12,12.0,High,1,1.52,54.74418604651163,High Opportunity
OPP008,2,12.982857137915438,77.58194075557115,13,13.0,High,2,0.87,54.13953488372093,High Opportunity
OPP009,2,12.982284308701445,77.59074869111488,27,27.0,High,3,1.2,71.67441860465115,Medium Opportunity
OPP010,4,12.955029782455926,77.63763658248034,28,28.0,High,4,1.21,71.06976744186046,Medium Opportunity
OPP011,2,12.965034551163686,77.57194869750553,27,27.0,High,4,1.21,69.67441860465115,Medium Opportunity
OPP012,5,12.9994175484133,77.59128195653327,24,24.0,High,3,0.96,67.48837209302326,Medium Opportunity
OPP013,4,12.954361884726,77.6272969519635,25,25.0,High,5,1.29,64.88372093023256,Medium Opportunity
OPP014,2,12.971980277897835,77.58174177799528,22,22.0,High,3,1.25,64.69767441860465,Medium Opportunity
OPP015,4,12.937812895749433,77.64656740788796,23,23.0,High,4,1.49,64.09302325581395,Medium Opportunity
OPP016,2,12.983010888286017,77.56300441687353,23,23.0,High,4,0.55,64.09302325581395,Medium Opportunity
OPP017,4,12.94586935460901,77.63768189726287,22,22.0,High,4,1.36,62.69767441860465,Medium Opportunity
OPP018,4,12.963671551546742,77.62812496682831,23,23.0,High,5,1.39,62.09302325581395,Medium Opportunity
OPP019,4,12.955834366767446,77.64743724153533,22,22.0,High,5,0.74,60.69767441860465,Medium Opportunity
OPP020,4,12.954497484325435,77.654829248157,21,21.0,High,5,0.8,59.302325581395344,Medium Opportunity
OPP021,2,12.963342296821802,77.58318862709324,18,18.0,High,3,1.01,59.116279069767444,Medium Opportunity
OPP022,4,12.981918048502882,77.63752722426489,19,19.0,High,4,0.55,58.51162790697674,Medium Opportunity
OPP023,4,12.945238144357369,77.66454953475233,17,17.0,High,3,1.35,57.72093023255814,Medium Opportunity
OPP024,2,12.98950926745053,77.58136935725767,17,17.0,High,3,1.12,57.72093023255814,Medium Opportunity
OPP025,1,12.955772327926631,77.75629433060128,19,19.0,High,5,0.96,56.51162790697674,Medium Opportunity
OPP026,2,12.955201361527367,77.57236699294778,18,18.0,High,5,0.61,55.116279069767444,Medium Opportunity
OPP027,5,13.000636922483908,77.59966868094686,18,18.0,High,5,0.22,55.116279069767444,Medium Opportunity
OPP028,5,12.990522575795866,77.59136109866152,16,16.0,High,4,0.83,54.325581395348834,Medium Opportunity
OPP029,5,12.991419620888879,77.6187722034612,17,17.0,High,5,0.38,53.72093023255814,Medium Opportunity
OPP030,4,12.998498131452587,77.6378005575457,14,14.0,High,3,1.0,53.53488372093023,Medium Opportunity
OPP031,1,12.955700695416773,77.77582411932842,9,9.0,Medium,0,2.17,52.55813953488372,Medium Opportunity
OPP032,2,12.98152821353844,77.57155994283845,13,13.0,High,3,0.31,52.13953488372093,Medium Opportunity
OPP033,2,12.973510799261849,77.5716443664438,14,14.0,High,4,0.83,51.53488372093023,Medium Opportunity
OPP034,4,12.989971587407046,77.6455963899593,14,14.0,High,4,1.26,51.53488372093023,Medium Opportunity
OPP035,5,13.008867906600328,77.58286387590461,14,14.0,High,4,1.19,51.53488372093023,Medium Opportunity
OPP036,5,13.027261387824455,77.59110779453535,14,14.0,High,4,0.17,51.53488372093023,Medium Opportunity
OPP037,1,12.919377521586046,77.7574262528326,8,8.0,Medium,0,2.09,51.16279069767442,Medium Opportunity
OPP038,5,13.000414300183255,77.62781992773476,15,15.0,High,5,1.48,50.93023255813954,Medium Opportunity
OPP039,5,12.99963961806413,77.5809976052176,12,12.0,High,3,0.29,50.74418604651163,Medium Opportunity
OPP040,1,12.945347354645655,77.74762435617016,9,9.0,Medium,1,0.83,50.55813953488372,Medium Opportunity
OPP041,2,12.956087880826601,77.55472594845597,13,13.0,High,4,0.68,50.13953488372093,Medium Opportunity
OPP042,2,12.963785693809836,77.56307674584255,13,13.0,High,4,0.57,50.13953488372093,Medium Opportunity
OPP043,5,13.008488417292607,77.60990128420859,13,13.0,High,4,0.93,50.13953488372093,Medium Opportunity
OPP044,5,13.007965170876705,77.62010126612967,13,13.0,High,4,1.06,50.13953488372093,Medium Opportunity
OPP045,5,13.017763761371196,77.58983667980456,13,13.0,High,4,1.01,50.13953488372093,Medium Opportunity
OPP046,4,12.981479956485137,77.64715872803835,14,14.0,High,5,0.62,49.53488372093023,Medium Opportunity
OPP047,4,12.983207518850339,77.65548618725647,14,14.0,High,5,1.4,49.53488372093023,Medium Opportunity
OPP048,5,13.017358270753943,77.57256552504968,14,14.0,High,5,1.3,49.53488372093023,Medium Opportunity
OPP049,2,12.928289537451176,77.53584279512208,12,12.0,High,4,1.21,48.74418604651163,Medium Opportunity
OPP050,1,12.947214274164,77.75589810165866,9,9.0,Medium,2,0.68,48.55813953488372,Medium Opportunity
OPP051,1,12.937960442288393,77.77568788587014,6,6.0,Medium,0,2.37,48.372093023255815,Medium Opportunity
OPP052,1,12.937895358391971,77.80250970952848,6,6.0,Medium,0,5.26,48.372093023255815,Medium Opportunity
OPP053,1,12.945114698217948,77.78286295690376,6,6.0,Medium,0,3.14,48.372093023255815,Medium Opportunity
OPP054,1,12.964441243276335,77.79366555612768,6,6.0,Medium,0,2.63,48.372093023255815,Medium Opportunity
OPP055,1,12.98191276638327,77.8110196131391,6,6.0,Medium,0,4.32,48.372093023255815,Medium Opportunity
OPP056,1,13.007699317652614,77.80348356210227,6,6.0,Medium,0,4.7,48.372093023255815,Medium Opportunity
OPP057,1,13.027101389764136,77.78300073110209,6,6.0,Medium,0,2.24,48.372093023255815,Medium Opportunity
OPP058,1,12.964904190111257,77.76586940555381,13,13.0,High,5,0.95,48.13953488372093,Medium Opportunity
OPP059,2,12.989794939729514,77.57217698675557,13,13.0,High,5,1.05,48.13953488372093,Medium Opportunity
OPP060,5,13.00950094259882,77.57349035415274,10,10.0,High,3,0.58,47.95348837209302,Medium Opportunity
OPP061,1,12.936984846846697,77.75804148897767,7,7.0,Medium,1,0.65,47.76744186046511,Medium Opportunity
OPP062,1,12.954821597450623,77.7668957519011,7,7.0,Medium,1,1.5,47.76744186046511,Medium Opportunity
OPP063,5,13.080266460583099,77.58234274453089,7,7.0,Medium,1,1.42,47.76744186046511,Medium Opportunity
OPP064,4,12.955072674832287,77.66534997920692,11,11.0,High,4,0.36,47.348837209302324,Medium Opportunity
OPP065,1,12.999972609231918,77.74031083882676,11,11.0,High,4,0.41,47.348837209302324,Medium Opportunity
OPP066,5,13.008376890240212,77.60024482158916,11,11.0,High,4,0.64,47.348837209302324,Medium Opportunity
OPP067,1,12.911314363995146,77.76451097680271,5,5.0,Medium,0,3.22,46.97674418604651,Medium Opportunity
OPP068,1,12.917028789804405,77.7649570437924,5,5.0,Medium,0,2.93,46.97674418604651,Medium Opportunity
OPP069,1,12.928457413280626,77.79388445987453,5,5.0,Medium,0,4.54,46.97674418604651,Medium Opportunity
OPP070,1,12.955937484372232,77.78472028351364,5,5.0,Medium,0,2.52,46.97674418604651,Medium Opportunity
OPP071,1,12.955876459511142,77.79724927398092,5,5.0,Medium,0,3.47,46.97674418604651,Medium Opportunity
OPP072,1,12.971280773341828,77.79151264907293,5,5.0,Medium,0,2.17,46.97674418604651,Medium Opportunity
OPP073,1,12.972438950498335,77.81073546342654,5,5.0,Medium,0,4.22,46.97674418604651,Medium Opportunity
OPP074,1,12.990906097852337,77.79512270841596,5,5.0,Medium,0,3.09,46.97674418604651,Medium Opportunity
OPP075,1,12.992051102978994,77.80182577967012,5,5.0,Medium,0,3.77,46.97674418604651,Medium Opportunity
OPP076,1,12.998951374723253,77.78426141457291,5,5.0,Medium,0,2.46,46.97674418604651,Medium Opportunity
OPP077,1,13.002001949154124,77.79397424463102,5,5.0,Medium,0,3.49,46.97674418604651,Medium Opportunity
OPP078,1,12.973251040471988,77.77533342981064,12,12.0,High,5,0.42,46.74418604651163,Medium Opportunity
OPP079,4,12.991469017222991,77.62833408203119,12,12.0,High,5,1.13,46.74418604651163,Medium Opportunity
OPP080,5,13.017769525884498,77.58213703812794,12,12.0,High,5,1.48,46.74418604651163,Medium Opportunity
OPP081,1,12.96445745791899,77.77511363281852,9,9.0,Medium,3,1.21,46.55813953488372,Medium Opportunity
OPP082,5,13.009397477189683,77.59048183294396,9,9.0,Medium,3,1.23,46.55813953488372,Medium Opportunity
OPP083,1,12.928632218272114,77.76532921028527,6,6.0,Medium,1,1.87,46.372093023255815,Medium Opportunity
OPP084,1,12.927845934423399,77.75561021856876,10,10.0,High,4,1.51,45.95348837209302,Medium Opportunity
OPP085,4,12.991030611215441,77.6571867832157,10,10.0,High,4,1.16,45.95348837209302,Medium Opportunity
OPP086,3,12.83676406877874,77.61907550823626,4,4.0,Medium,0,2.28,45.58139534883721,Medium Opportunity
OPP087,3,12.881221950855668,77.7005447818987,4,4.0,Medium,0,2.63,45.58139534883721,Medium Opportunity
OPP088,1,12.911081852635647,77.75843342327597,4,4.0,Medium,0,2.7,45.58139534883721,Medium Opportunity
OPP089,1,12.927921441275027,77.77478289803034,4,4.0,Medium,0,2.69,45.58139534883721,Medium Opportunity
OPP090,1,12.946498137195707,77.80512314284437,4,4.0,Medium,0,4.79,45.58139534883721,Medium Opportunity
OPP091,1,12.945358979796996,77.81243993707263,4,4.0,Medium,0,5.49,45.58139534883721,Medium Opportunity
OPP092,1,12.945867016699928,77.81922533903202,4,4.0,Medium,0,6.06,45.58139534883721,Medium Opportunity
OPP093,1,12.972260804342442,77.8059321519535,4,4.0,Medium,0,3.7,45.58139534883721,Medium Opportunity
OPP094,1,13.010577020129668,77.79230843044444,4,4.0,Medium,0,3.54,45.58139534883721,Medium Opportunity
OPP095,1,13.008525659115179,77.74873326801085,11,11.0,High,5,1.02,45.348837209302324,Medium Opportunity
OPP096,3,12.855413495420812,77.62734933901774,9,9.0,Medium,4,1.51,44.55813953488372,Medium Opportunity
OPP097,1,12.937662225788905,77.7477031328063,9,9.0,Medium,4,0.81,44.55813953488372,Medium Opportunity
OPP098,4,12.990721592817872,77.63749672089415,9,9.0,Medium,4,1.37,44.55813953488372,Medium Opportunity
OPP099,5,13.017446807214611,77.56366812999765,9,9.0,Medium,4,1.18,44.55813953488372,Medium Opportunity
OPP100,1,12.97309402299858,77.78342544981587,6,6.0,Medium,2,1.27,44.372093023255815,Medium Opportunity
OPP101,1,13.035911822473665,77.7651892552499,6,6.0,Medium,2,0.79,44.372093023255815,Medium Opportunity
OPP102,1,12.918391245986973,77.7771801157313,3,3.0,Medium,0,3.58,44.18604651162791,Medium Opportunity
OPP103,1,12.955682915782303,77.82300270964923,3,3.0,Medium,0,5.94,44.18604651162791,Medium Opportunity
OPP104,1,12.965918423808047,77.81885431193201,3,3.0,Medium,0,5.19,44.18604651162791,Medium Opportunity
OPP105,1,12.982988733962978,77.79335349429185,3,3.0,Medium,0,2.5,44.18604651162791,Medium Opportunity
OPP106,1,12.998883646422312,77.82190781142013,3,3.0,Medium,0,6.05,44.18604651162791,Medium Opportunity
OPP107,1,13.00915723918805,77.78367660612787,3,3.0,Medium,0,2.6,44.18604651162791,Medium Opportunity
OPP108,1,13.010627099308158,77.81533124381802,3,3.0,Medium,0,5.96,44.18604651162791,Medium Opportunity
OPP109,2,12.945912702348778,77.54570066104186,10,10.0,High,5,0.39,43.95348837209302,Medium Opportunity
OPP110,1,12.955021546977182,77.7486613366538,10,10.0,High,5,1.38,43.95348837209302,Medium Opportunity
OPP111,5,12.998826372200384,77.56466325782667,10,10.0,High,5,0.69,43.95348837209302,Medium Opportunity
OPP112,4,12.999410810492005,77.64627444934652,10,10.0,High,5,0.95,43.95348837209302,Medium Opportunity
OPP113,1,13.000618381685868,77.7649500411342,10,10.0,High,5,1.04,43.95348837209302,Medium Opportunity
OPP114,5,13.018020601045654,77.62685458038466,10,10.0,High,5,0.37,43.95348837209302,Medium Opportunity
OPP115,2,12.910499615640223,77.5351240149016,7,7.0,Medium,3,1.23,43.76744186046511,Medium Opportunity
OPP116,5,13.089834868051451,77.61062893397556,7,7.0,Medium,3,0.99,43.76744186046511,Medium Opportunity
OPP117,1,12.938321974392531,77.76783983177435,4,4.0,Medium,1,1.53,43.58139534883721,Medium Opportunity
OPP118,1,12.9631180953311,77.78400393395512,4,4.0,Medium,1,1.85,43.58139534883721,Medium Opportunity
OPP119,5,13.007852271278777,77.56335946232781,8,8.0,Medium,4,0.37,43.16279069767442,Medium Opportunity
OPP120,5,13.025535047688031,77.58257788642942,8,8.0,Medium,4,0.83,43.16279069767442,Medium Opportunity
OPP121,1,12.99834846488427,77.77584306191162,5,5.0,Medium,2,1.82,42.97674418604651,Medium Opportunity
OPP122,2,12.990778226359836,77.55358850258942,9,9.0,Medium,5,0.91,42.55813953488372,Medium Opportunity
OPP123,1,12.989939948010406,77.77450966264726,9,9.0,Medium,5,1.0,42.55813953488372,Medium Opportunity
OPP124,1,12.999261858332012,77.74959258527414,9,9.0,Medium,5,0.34,42.55813953488372,Medium Opportunity
OPP125,1,13.009163034579451,77.75722618372782,9,9.0,Medium,5,0.25,42.55813953488372,Medium Opportunity
OPP126,1,13.017922065778095,77.73915208707788,6,6.0,Medium,3,1.35,42.372093023255815,Medium Opportunity
OPP127,1,12.981512387642601,77.78668310859864,3,3.0,Medium,1,1.77,42.18604651162791,Medium Opportunity
OPP128,5,13.053670331604854,77.53379466078407,3,3.0,Medium,1,1.97,42.18604651162791,Medium Opportunity
OPP129,1,12.901582688152395,77.73154677789813,4,4.0,Medium,2,0.87,41.58139534883721,Medium Opportunity
OPP130,1,12.918717685933323,77.7200235788137,4,4.0,Medium,2,1.46,41.58139534883721,Medium Opportunity
OPP131,1,13.007546546171884,77.77607499157253,4,4.0,Medium,2,1.78,41.58139534883721,Medium Opportunity
OPP132,5,13.043759388301087,77.53462944719367,4,4.0,Medium,2,1.43,41.58139534883721,Medium Opportunity
OPP133,1,12.92814096679182,77.71220700014585,8,8.0,Medium,5,0.82,41.16279069767442,Medium Opportunity
OPP134,5,13.008696530287798,77.55296194559294,8,8.0,Medium,5,0.97,41.16279069767442,Medium Opportunity
OPP135,1,12.920332676576404,77.73083254394666,5,5.0,Medium,3,1.11,40.97674418604651,Medium Opportunity
OPP136,1,12.918698171520251,77.7465066056045,5,5.0,Medium,3,1.17,40.97674418604651,Medium Opportunity
OPP137,1,13.025753401951523,77.76598854076812,5,5.0,Medium,3,0.52,40.97674418604651,Medium Opportunity
OPP138,3,12.874574804363187,77.63693279376305,6,6.0,Medium,4,0.37,40.372093023255815,Medium Opportunity
OPP139,2,12.893862873161055,77.53690058147158,6,6.0,Medium,4,0.63,40.372093023255815,Medium Opportunity
OPP140,1,12.910025461765295,77.73907443701889,3,3.0,Medium,2,1.81,40.18604651162791,Medium Opportunity
OPP141,5,13.042153968854228,77.69060805217347,3,3.0,Medium,2,1.08,40.18604651162791,Medium Opportunity
OPP142,5,13.081098567097257,77.57441941560738,3,3.0,Medium,2,1.65,40.18604651162791,Medium Opportunity
OPP143,2,12.891444848917983,77.54403067373823,7,7.0,Medium,5,0.19,39.76744186046511,Medium Opportunity
OPP144,2,12.900196892906587,77.54547284568568,7,7.0,Medium,5,0.79,39.76744186046511,Medium Opportunity
OPP145,1,12.92758497903321,77.73915085985747,7,7.0,Medium,5,0.15,39.76744186046511,Medium Opportunity
OPP146,1,13.00957260124016,77.73124732956968,7,7.0,Medium,5,1.23,39.76744186046511,Medium Opportunity
OPP147,1,13.008515578218832,77.73805281571198,7,7.0,Medium,5,1.12,39.76744186046511,Medium Opportunity
OPP148,5,13.03617738578493,77.56231043963906,7,7.0,Medium,5,1.17,39.76744186046511,Medium Opportunity
OPP149,1,12.890927320323682,77.70925157257096,4,4.0,Medium,3,1.43,39.58139534883721,Medium Opportunity
OPP150,2,12.928083316938844,77.52325489453945,4,4.0,Medium,3,0.8,39.58139534883721,Medium Opportunity
OPP151,1,13.037148091899487,77.7588200392802,4,4.0,Medium,3,0.94,39.58139534883721,Medium Opportunity
OPP152,5,13.052223580514077,77.54395207455633,4,4.0,Medium,3,1.18,39.58139534883721,Medium Opportunity
OPP153,5,13.069635864177183,77.55488701173086,4,4.0,Medium,3,0.22,39.58139534883721,Medium Opportunity
OPP154,5,13.073705703114097,77.61135347643362,4,4.0,Medium,3,0.79,39.58139534883721,Medium Opportunity
OPP155,3,12.846963998765869,77.5904546433018,5,5.0,Medium,4,0.44,38.97674418604651,Medium Opportunity
OPP156,5,13.026882893695582,77.57387565319695,5,5.0,Medium,4,0.56,38.97674418604651,Medium Opportunity
OPP157,5,13.04403170997295,77.55428670870755,5,5.0,Medium,4,0.69,38.97674418604651,Medium Opportunity
OPP158,3,12.86436612454999,77.63641619127,6,6.0,Medium,5,1.51,38.372093023255815,Medium Opportunity
OPP159,3,12.874550212537889,77.56344435873346,6,6.0,Medium,5,0.75,38.372093023255815,Medium Opportunity
OPP160,1,12.98143748890223,77.77645750307981,6,6.0,Medium,5,0.88,38.372093023255815,Medium Opportunity
OPP161,5,12.997764355060552,77.57299807769168,6,6.0,Medium,5,0.6,38.372093023255815,Medium Opportunity
OPP162,1,13.001250844788208,77.75808470306352,6,6.0,Medium,5,0.82,38.372093023255815,Medium Opportunity
OPP163,5,13.007392060779182,77.54645179563896,6,6.0,Medium,5,0.53,38.372093023255815,Medium Opportunity
OPP164,5,13.063713668843283,77.62839576931816,6,6.0,Medium,5,0.69,38.372093023255815,Medium Opportunity
OPP165,3,12.855479515089613,77.57259714630769,3,3.0,Medium,3,0.96,38.18604651162791,Medium Opportunity
OPP166,3,12.876943619776105,77.55458052087596,3,3.0,Medium,3,0.97,38.18604651162791,Medium Opportunity
OPP167,1,12.910908361379569,77.72097841124332,3,3.0,Medium,3,1.04,38.18604651162791,Medium Opportunity
OPP168,1,12.92080437254102,77.73688070469917,3,3.0,Medium,3,0.65,38.18604651162791,Medium Opportunity
OPP169,2,12.937219405609278,77.52582409861787,3,3.0,Medium,3,1.06,38.18604651162791,Medium Opportunity
OPP170,2,12.943714922147814,77.51854816241237,3,3.0,Medium,3,1.26,38.18604651162791,Medium Opportunity
OPP171,5,13.012110939753045,77.51844986116872,3,3.0,Medium,3,1.41,38.18604651162791,Medium Opportunity
OPP172,1,13.007883956418276,77.76735441158371,3,3.0,Medium,3,0.83,38.18604651162791,Medium Opportunity
OPP173,5,13.071321091209464,77.61732625455555,3,3.0,Medium,3,1.01,38.18604651162791,Medium Opportunity
OPP174,5,13.089149911625578,77.59149471795531,3,3.0,Medium,3,1.08,38.18604651162791,Medium Opportunity
OPP175,2,12.898694359122596,77.53347563835987,4,4.0,Medium,4,1.21,37.58139534883721,Medium Opportunity
OPP176,1,12.929255449277404,77.74867375983807,4,4.0,Medium,4,0.89,37.58139534883721,Medium Opportunity
OPP177,2,13.000156669374178,77.52666551447055,4,4.0,Medium,4,0.57,37.58139534883721,Medium Opportunity
OPP178,1,13.017572941024666,77.7290799332355,4,4.0,Medium,4,0.58,37.58139534883721,Medium Opportunity
OPP179,1,13.035379001181669,77.71985129570875,4,4.0,Medium,4,1.04,37.58139534883721,Medium Opportunity
OPP180,5,13.107384753024718,77.5996798624478,4,4.0,Medium,4,1.68,37.58139534883721,Medium Opportunity
OPP181,2,12.980644710115183,77.55597442573739,5,5.0,Medium,5,0.56,36.97674418604651,Medium Opportunity
OPP182,5,13.063726009054301,77.59042728291008,5,5.0,Medium,5,1.12,36.97674418604651,Medium Opportunity
OPP183,5,13.062339427712999,77.59988811815913,5,5.0,Medium,5,1.08,36.97674418604651,Medium Opportunity
OPP184,3,12.845675789848578,77.58164507778555,3,3.0,Medium,4,0.97,36.18604651162791,Medium Opportunity
OPP185,2,12.88439967128013,77.54349246148696,3,3.0,Medium,4,0.28,36.18604651162791,Medium Opportunity
OPP186,1,12.912489851787702,77.72945895748154,3,3.0,Medium,4,1.35,36.18604651162791,Medium Opportunity
OPP187,2,12.916157427293305,77.53400649681241,3,3.0,Medium,4,1.27,36.18604651162791,Medium Opportunity
OPP188,4,13.007353289826968,77.69343695256397,3,3.0,Medium,4,1.27,36.18604651162791,Medium Opportunity
OPP189,5,13.02082698752399,77.5275584747903,3,3.0,Medium,4,1.14,36.18604651162791,Medium Opportunity
OPP190,1,13.038761965858393,77.74930340538488,3,3.0,Medium,4,1.2,36.18604651162791,Medium Opportunity
OPP191,5,13.044530963332926,77.65718640157061,3,3.0,Medium,4,1.06,36.18604651162791,Medium Opportunity
OPP192,5,13.07017158720925,77.58193626881355,3,3.0,Medium,4,0.32,36.18604651162791,Medium Opportunity
OPP193,5,13.072362474273454,77.59208014536118,3,3.0,Medium,4,1.35,36.18604651162791,Medium Opportunity
OPP194,3,12.85734464867942,77.61973155510026,4,4.0,Medium,5,0.74,35.58139534883721,Medium Opportunity
OPP195,3,12.86742525370134,77.57458986150144,4,4.0,Medium,5,0.4,35.58139534883721,Medium Opportunity
OPP196,3,12.873046549112116,77.65573065624467,4,4.0,Medium,5,0.5,35.58139534883721,Medium Opportunity
OPP197,5,13.035234622206229,77.64618213262698,4,4.0,Medium,5,0.38,35.58139534883721,Medium Opportunity
OPP198,3,12.885977365661134,77.68320680661971,3,3.0,Medium,5,0.85,34.18604651162791,Medium Opportunity
OPP199,2,12.992039197635032,77.53659809493956,3,3.0,Medium,5,0.16,34.18604651162791,Medium Opportunity
OPP200,2,12.998217608763255,77.5365787678192,3,3.0,Medium,5,0.75,34.18604651162791,Medium Opportunity
OPP201,1,13.017160692472602,77.76647430849705,3,3.0,Medium,5,0.77,34.18604651162791,Medium Opportunity
OPP202,1,13.015808271790767,77.77216721192835,3,3.0,Medium,5,1.4,34.18604651162791,Medium Opportunity
OPP203,5,13.07210001022631,77.57190219047989,3,3.0,Medium,5,1.07,34.18604651162791,Medium Opportunity
OPP204,5,13.075306079481718,77.60262767411633,3,3.0,Medium,5,1.17,34.18604651162791,Medium Opportunity
OPP205,5,13.078652982566794,77.55337036436474,3,3.0,Medium,5,1.13,34.18604651162791,Medium Opportunity
OPP206,2,12.937753249076254,77.5996587668096,43,43.0,High,10,0.94,80.0,Low Opportunity
OPP207,2,12.955067260596858,77.60013975501445,38,38.0,High,7,0.62,79.02325581395348,Low Opportunity
OPP208,2,12.937413028947747,77.59089663333584,36,36.0,High,7,1.12,76.23255813953489,Low Opportunity
OPP209,4,12.946238148496597,77.618930340676,36,36.0,High,8,0.34,74.23255813953489,Low Opportunity
OPP210,2,12.9636419693728,77.6095396427957,33,33.0,High,6,0.42,74.04651162790697,Low Opportunity
OPP211,3,12.928544554002817,77.60931565371756,40,40.0,High,11,0.12,73.81395348837208,Low Opportunity
OPP212,4,12.954487818990382,77.61926473044412,35,35.0,High,8,1.23,72.83720930232558,Low Opportunity
OPP213,2,12.927711207892074,77.59060235141972,33,33.0,High,7,0.22,72.04651162790697,Low Opportunity
OPP214,2,12.928144700297224,77.58211742234114,33,33.0,High,8,0.83,70.04651162790697,Low Opportunity
OPP215,2,12.954311975666206,77.60890531516588,34,34.0,High,9,0.42,69.44186046511628,Low Opportunity
OPP216,4,12.937429540973564,77.62795785799423,35,35.0,High,10,0.15,68.83720930232558,Low Opportunity
OPP217,2,12.919282308486101,77.59107214939233,32,32.0,High,8,0.78,68.65116279069767,Low Opportunity
OPP218,4,12.94599977063066,77.62723381256474,29,29.0,High,6,0.4,68.46511627906978,Low Opportunity
OPP219,2,12.96376398486708,77.60078137622392,31,31.0,High,8,0.3,67.25581395348837,Low Opportunity
OPP220,2,12.94551356179625,77.59137561679795,28,28.0,High,6,0.59,67.06976744186046,Low Opportunity
OPP221,4,12.928328899351829,77.63775772521177,36,36.0,High,12,0.12,66.23255813953489,Low Opportunity
OPP222,4,12.96312461585815,77.61777536847556,26,26.0,High,6,1.23,64.27906976744185,Low Opportunity
OPP223,3,12.919700809204873,77.61929819651357,33,33.0,High,11,0.49,64.04651162790697,Low Opportunity
OPP224,2,12.955663303094825,77.59133305674524,30,30.0,High,9,0.5,63.86046511627907,Low Opportunity
OPP225,2,12.927975737746209,77.57245824055683,28,28.0,High,8,0.24,63.06976744186046,Low Opportunity
OPP226,2,12.964549458992936,77.59191514146485,28,28.0,High,8,1.17,63.06976744186046,Low Opportunity
OPP227,2,12.95461495100576,77.58181536464996,24,24.0,High,6,0.31,61.48837209302325,Low Opportunity
OPP228,4,12.937087391993366,77.63735289448829,25,25.0,High,7,1.09,60.883720930232556,Low Opportunity
OPP229,2,12.94563508137403,77.59964519456959,25,25.0,High,7,0.31,60.883720930232556,Low Opportunity
OPP230,4,12.96363498593648,77.6372692033312,25,25.0,High,7,0.94,60.883720930232556,Low Opportunity
OPP231,2,12.973197515085051,77.58996980720913,23,23.0,High,6,1.58,60.09302325581395,Low Opportunity
OPP232,3,12.9191288950938,77.60011987573765,34,34.0,High,14,0.87,59.44186046511628,Low Opportunity
OPP233,2,12.944904223326406,77.58098048572893,25,25.0,High,8,0.37,58.883720930232556,Low Opportunity
OPP234,4,12.973628653723777,77.61863174329623,25,25.0,High,8,1.0,58.883720930232556,Low Opportunity
OPP235,2,12.945776719206592,77.57198112179273,23,23.0,High,7,0.35,58.09302325581395,Low Opportunity
OPP236,3,12.891680354615564,77.61860588551926,27,27.0,High,10,0.33,57.67441860465116,Low Opportunity
OPP237,2,12.936731324470784,77.57290370968033,21,21.0,High,6,0.56,57.302325581395344,Low Opportunity
OPP238,4,12.972930051062855,77.62739484645266,22,22.0,High,7,1.05,56.69767441860465,Low Opportunity
OPP239,3,12.927871937471217,77.61783600837822,32,32.0,High,14,0.32,56.651162790697676,Low Opportunity
OPP240,3,12.908970808777275,77.58069538784343,23,23.0,High,8,0.79,56.09302325581395,Low Opportunity
OPP241,2,12.981447498835799,77.60024878771678,23,23.0,High,8,0.17,56.09302325581395,Low Opportunity
OPP242,4,12.919797852487385,77.65491013581098,24,24.0,High,9,0.62,55.48837209302326,Low Opportunity
OPP243,4,12.97367782915265,77.63627512771305,21,21.0,High,7,0.15,55.302325581395344,Low Opportunity
OPP244,3,12.910141963358269,77.59139213164897,28,28.0,High,12,0.18,55.06976744186046,Low Opportunity
OPP245,3,12.910843378621532,77.60004844933886,28,28.0,High,12,0.33,55.06976744186046,Low Opportunity
OPP246,2,12.973260038791048,77.56311235549046,19,19.0,High,6,0.8,54.51162790697674,Low Opportunity
OPP247,5,12.990754305033002,77.59990715754246,20,20.0,High,7,0.21,53.90697674418604,Low Opportunity
OPP248,5,12.999311598483189,77.60890516642648,20,20.0,High,7,0.53,53.90697674418604,Low Opportunity
OPP249,3,12.920057252310778,77.62854133084709,27,27.0,High,12,0.9,53.67441860465116,Low Opportunity
OPP250,2,12.946593244287675,77.60893541591783,21,21.0,High,8,0.98,53.302325581395344,Low Opportunity
OPP251,4,12.98176875791596,77.61892900987965,18,18.0,High,6,0.69,53.116279069767444,Low Opportunity
OPP252,5,13.01838825585913,77.60041171186538,18,18.0,High,6,0.91,53.116279069767444,Low Opportunity
OPP253,2,12.946385634135249,77.55407141013839,19,19.0,High,7,0.51,52.51162790697674,Low Opportunity
OPP254,4,12.928579008191232,77.6277300102461,29,29.0,High,14,1.05,52.46511627906977,Low Opportunity
OPP255,2,12.936789341551137,77.60960887493124,29,29.0,High,14,0.19,52.46511627906977,Low Opportunity
OPP256,4,12.973079644588275,77.60929872610382,23,23.0,High,10,0.05,52.09302325581395,Low Opportunity
OPP257,2,12.937703072177317,77.58182998128774,20,20.0,High,8,0.48,51.90697674418604,Low Opportunity
OPP258,4,12.98152787915277,77.62841864556505,17,17.0,High,6,1.26,51.72093023255814,Low Opportunity
OPP259,3,12.90099844575061,77.62776215637834,27,27.0,High,13,0.31,51.67441860465116,Low Opportunity
OPP260,1,12.96426876354363,77.75692817418961,18,18.0,High,7,0.02,51.116279069767444,Low Opportunity
OPP261,3,12.882036890826575,77.62722260784118,19,19.0,High,8,1.09,50.51162790697674,Low Opportunity
OPP262,5,13.00048788414891,77.61725251269262,16,16.0,High,6,0.41,50.325581395348834,Low Opportunity
OPP263,4,12.936597697528972,77.61920558839613,26,26.0,High,13,0.54,50.279069767441854,Low Opportunity
OPP264,2,12.928110461168995,77.60070016813165,23,23.0,High,11,0.44,50.09302325581395,Low Opportunity
OPP265,3,12.883396158873351,77.6092956800421,21,21.0,High,10,0.3,49.302325581395344,Low Opportunity
OPP266,4,12.981800968744565,77.60998715671123,21,21.0,High,10,0.27,49.302325581395344,Low Opportunity
OPP267,4,12.928234152228239,77.65509662117265,18,18.0,High,8,1.05,49.116279069767444,Low Opportunity
OPP268,1,12.937214106761907,77.73011802986929,18,18.0,High,8,0.28,49.116279069767444,Low Opportunity
OPP269,3,12.919203453414765,77.60898095847654,28,28.0,High,15,0.64,49.06976744186046,Low Opportunity
OPP270,1,12.963823323669512,77.7479237598412,15,15.0,High,6,0.62,48.93023255813954,Low Opportunity
OPP271,3,12.90267772120993,77.60850840535132,25,25.0,High,13,0.36,48.883720930232556,Low Opportunity
OPP272,2,12.920869396351248,77.55503618920562,19,19.0,High,9,0.86,48.51162790697675,Low Opportunity
OPP273,2,12.954684689867854,77.56303361196352,16,16.0,High,7,0.71,48.325581395348834,Low Opportunity
OPP274,5,13.018098016558938,77.6104763567388,14,14.0,High,6,0.55,47.53488372093023,Low Opportunity
OPP275,3,12.892360729941137,77.60944956985844,21,21.0,High,11,0.73,47.30232558139534,Low Opportunity
OPP276,4,12.927686550615975,77.66388964546168,15,15.0,High,7,0.74,46.93023255813954,Low Opportunity
OPP277,4,12.963686162184366,77.65516609493753,15,15.0,High,7,0.78,46.93023255813954,Low Opportunity
OPP278,4,12.972613842908853,77.64485383346727,15,15.0,High,7,0.48,46.93023255813954,Low Opportunity
OPP279,3,12.909885302169846,77.61914205113949,23,23.0,High,13,0.71,46.09302325581395,Low Opportunity
OPP280,3,12.892038764850145,77.57182131301361,17,17.0,High,9,0.26,45.720930232558146,Low Opportunity
OPP281,2,12.935960403757063,77.56363159072905,17,17.0,High,9,0.75,45.720930232558146,Low Opportunity
OPP282,5,13.008938029120047,77.63698473778616,14,14.0,High,7,0.56,45.53488372093023,Low Opportunity
OPP283,4,12.9639343209458,77.64557254150836,15,15.0,High,8,0.16,44.93023255813954,Low Opportunity
OPP284,2,12.963804827135796,77.55417735049227,12,12.0,High,6,0.71,44.74418604651163,Low Opportunity
OPP285,5,13.0530833720829,77.60076234875582,12,12.0,High,6,0.05,44.74418604651163,Low Opportunity
OPP286,4,12.926836471283899,77.64793353234336,16,16.0,High,9,0.7,44.32558139534884,Low Opportunity
OPP287,3,12.90043528051232,77.57301549871781,17,17.0,High,10,0.85,43.72093023255814,Low Opportunity
OPP288,2,12.919206767914813,77.58093835835737,17,17.0,High,10,1.09,43.72093023255814,Low Opportunity
OPP289,3,12.910241608004405,77.62840146292757,27,27.0,High,17,0.45,43.67441860465116,Low Opportunity
OPP290,2,12.972798305785545,77.59903994543994,14,14.0,High,8,0.88,43.53488372093023,Low Opportunity
OPP291,5,13.044519194561767,77.60938770946397,14,14.0,High,8,0.42,43.53488372093023,Low Opportunity
OPP292,2,12.91136355234632,77.55425679568208,11,11.0,High,6,0.71,43.348837209302324,Low Opportunity
OPP293,2,12.974125475852054,77.54429306699771,11,11.0,High,6,0.21,43.348837209302324,Low Opportunity
OPP294,1,13.016208933262767,77.747878004046,11,11.0,High,6,1.22,43.348837209302324,Low Opportunity
OPP295,1,12.981872293751623,77.74908248674069,18,18.0,High,11,0.24,43.116279069767444,Low Opportunity
OPP296,3,12.81779567554372,77.60190503918207,2,2.0,Low,0,3.0,42.7906976744186,Low Opportunity
OPP297,3,12.866849745310663,77.7080161721988,2,2.0,Low,0,2.63,42.7906976744186,Low Opportunity
OPP298,1,12.866512566144356,77.79698748907188,2,2.0,Low,0,2.92,42.7906976744186,Low Opportunity
OPP299,1,12.87349366181499,77.74694774695857,2,2.0,Low,0,2.72,42.7906976744186,Low Opportunity
OPP300,1,12.883743680964432,77.762946416868,2,2.0,Low,0,2.31,42.7906976744186,Low Opportunity
OPP301,1,12.892026073669488,77.76597664400524,2,2.0,Low,0,3.12,42.7906976744186,Low Opportunity
OPP302,1,12.908588929438952,77.74769956892203,2,2.0,Low,0,2.18,42.7906976744186,Low Opportunity
OPP303,1,12.909487395481698,77.78587678251509,2,2.0,Low,0,4.94,42.7906976744186,Low Opportunity
OPP304,1,12.920652917611466,77.7849801822824,2,2.0,Low,0,4.06,42.7906976744186,Low Opportunity
OPP305,1,12.91733658989698,77.8017795276207,2,2.0,Low,0,5.82,42.7906976744186,Low Opportunity
OPP306,1,12.927598010120501,77.78395153074533,2,2.0,Low,0,3.58,42.7906976744186,Low Opportunity
OPP307,1,12.929616398198611,77.81071896082909,2,2.0,Low,0,6.27,42.7906976744186,Low Opportunity
OPP308,1,12.928609019592123,77.83129157825518,2,2.0,Low,0,8.24,42.7906976744186,Low Opportunity
OPP309,1,12.939028137170517,77.81484097473316,2,2.0,Low,0,6.13,42.7906976744186,Low Opportunity
OPP310,1,12.948922454167292,77.79270330363232,2,2.0,Low,0,3.66,42.7906976744186,Low Opportunity
OPP311,1,12.955811247971702,77.80652896391328,2,2.0,Low,0,4.31,42.7906976744186,Low Opportunity
OPP312,1,12.964856118327557,77.80393286610342,2,2.0,Low,0,3.65,42.7906976744186,Low Opportunity
OPP313,1,12.967640083168106,77.81177092924628,2,2.0,Low,0,4.4,42.7906976744186,Low Opportunity
OPP314,1,12.976077524217423,77.82205402742676,2,2.0,Low,0,5.44,42.7906976744186,Low Opportunity
OPP315,1,12.981244943466745,77.80428458782296,2,2.0,Low,0,3.58,42.7906976744186,Low Opportunity
OPP316,1,12.990748999811611,77.81006292752213,2,2.0,Low,0,4.5,42.7906976744186,Low Opportunity
OPP317,1,13.001588128128517,77.81286362713553,2,2.0,Low,0,5.29,42.7906976744186,Low Opportunity
OPP318,1,13.010985847346564,77.82129459737914,2,2.0,Low,0,6.55,42.7906976744186,Low Opportunity
OPP319,1,13.033931554066378,77.79441863526154,2,2.0,Low,0,3.52,42.7906976744186,Low Opportunity
OPP320,1,13.050991295455184,77.72158239478492,2,2.0,Low,0,2.1,42.7906976744186,Low Opportunity
OPP321,1,13.054201964097462,77.77514305506773,2,2.0,Low,0,2.31,42.7906976744186,Low Opportunity
OPP322,4,12.954550327231024,77.67516691117,12,12.0,High,7,1.36,42.74418604651163,Low Opportunity
OPP323,1,12.961886896124232,77.73875054884759,12,12.0,High,7,0.66,42.74418604651163,Low Opportunity
OPP324,3,12.90098753393063,77.59050557958852,22,22.0,High,14,0.61,42.697674418604656,Low Opportunity
OPP325,3,12.910378166378846,77.64664885916301,26,26.0,High,17,0.33,42.279069767441854,Low Opportunity
OPP326,3,12.910141392149928,77.60842601919362,23,23.0,High,15,0.47,42.09302325581395,Low Opportunity
OPP327,3,12.892343412805115,77.56313353861265,10,10.0,High,6,0.31,41.95348837209302,Low Opportunity
OPP328,2,12.936894356620689,77.54413598860083,10,10.0,High,6,0.48,41.95348837209302,Low Opportunity
OPP329,4,12.937621853433047,77.67489090852573,10,10.0,High,6,0.96,41.95348837209302,Low Opportunity
OPP330,5,13.035340260040588,77.58940584132424,10,10.0,High,6,0.83,41.95348837209302,Low Opportunity
OPP331,3,12.77931599119336,77.62003258097434,1,1.0,Low,0,4.08,41.395348837209305,Low Opportunity
OPP332,3,12.789367992036096,77.68332345000663,1,1.0,Low,0,2.22,41.395348837209305,Low Opportunity
OPP333,3,12.80314701611348,77.6205006008333,1,1.0,Low,0,4.0,41.395348837209305,Low Opportunity
OPP334,3,12.817061971732988,77.56123198044173,1,1.0,Low,0,4.16,41.395348837209305,Low Opportunity
OPP335,3,12.817054731493783,77.6087622432155,1,1.0,Low,0,3.46,41.395348837209305,Low Opportunity
OPP336,3,12.819423501662593,77.61920229837484,1,1.0,Low,0,3.26,41.395348837209305,Low Opportunity
OPP337,3,12.824516178010978,77.56459134925903,1,1.0,Low,0,3.35,41.395348837209305,Low Opportunity
OPP338,3,12.826899876281802,77.60884714741128,1,1.0,Low,0,2.57,41.395348837209305,Low Opportunity
OPP339,3,12.825351986681808,77.61970536478071,1,1.0,Low,0,2.77,41.395348837209305,Low Opportunity
OPP340,3,12.840839013445285,77.56686219397602,1,1.0,Low,0,2.48,41.395348837209305,Low Opportunity
OPP341,3,12.838984312222443,77.56921377602525,1,1.0,Low,0,2.25,41.395348837209305,Low Opportunity
OPP342,3,12.844919011934271,77.56431292903675,1,1.0,Low,0,2.11,41.395348837209305,Low Opportunity
OPP343,3,12.857550051191712,77.70915722227596,1,1.0,Low,0,2.49,41.395348837209305,Low Opportunity
OPP344,1,12.864150513030127,77.80526307824513,1,1.0,Low,0,3.81,41.395348837209305,Low Opportunity
OPP345,2,12.871005958825329,77.4951699950312,1,1.0,Low,0,4.01,41.395348837209305,Low Opportunity
OPP346,1,12.873315413855265,77.72924836995212,1,1.0,Low,0,3.09,41.395348837209305,Low Opportunity
OPP347,1,12.876000542991244,77.73972516071932,1,1.0,Low,0,3.37,41.395348837209305,Low Opportunity
OPP348,1,12.877931403026905,77.83921533980512,1,1.0,Low,0,7.64,41.395348837209305,Low Opportunity
OPP349,3,12.880546988078343,77.69570193491899,1,1.0,Low,0,2.11,41.395348837209305,Low Opportunity
OPP350,1,12.881478992312063,77.73946726474604,1,1.0,Low,0,2.85,41.395348837209305,Low Opportunity
OPP351,1,12.881942225063584,77.74864718809104,1,1.0,Low,0,3.05,41.395348837209305,Low Opportunity
OPP352,1,12.882566362194591,77.77309473642366,1,1.0,Low,0,2.06,41.395348837209305,Low Opportunity
OPP353,2,12.887457638525492,77.49294483579968,1,1.0,Low,0,2.7,41.395348837209305,Low Opportunity
OPP354,1,12.8926980326378,77.74228019209065,1,1.0,Low,0,2.28,41.395348837209305,Low Opportunity
OPP355,1,12.894106234631993,77.78223685948167,1,1.0,Low,0,3.57,41.395348837209305,Low Opportunity
OPP356,1,12.889319056671551,77.81303658187888,1,1.0,Low,0,5.42,41.395348837209305,Low Opportunity
OPP357,1,12.89734042594203,77.75144128309321,1,1.0,Low,0,3.07,41.395348837209305,Low Opportunity
OPP358,1,12.89990333971837,77.75342392721483,1,1.0,Low,0,3.25,41.395348837209305,Low Opportunity
OPP359,1,12.897729383070768,77.77794754682675,1,1.0,Low,0,3.82,41.395348837209305,Low Opportunity
OPP360,1,12.897514402873576,77.82425709575655,1,1.0,Low,0,6.93,41.395348837209305,Low Opportunity
OPP361,1,12.905761136467715,77.77155884521164,1,1.0,Low,0,4.2,41.395348837209305,Low Opportunity
OPP362,1,12.908838256066584,77.78990046502403,1,1.0,Low,0,5.31,41.395348837209305,Low Opportunity
OPP363,1,12.914348534775304,77.79984991949958,1,1.0,Low,0,5.8,41.395348837209305,Low Opportunity
OPP364,1,12.90613321446441,77.81539845158255,1,1.0,Low,0,6.76,41.395348837209305,Low Opportunity
OPP365,2,12.92039118174187,77.45686202134391,1,1.0,Low,0,3.19,41.395348837209305,Low Opportunity
OPP366,1,12.917576429399912,77.79533224754344,1,1.0,Low,0,5.19,41.395348837209305,Low Opportunity
OPP367,1,12.92108145666669,77.80964357273207,1,1.0,Low,0,6.43,41.395348837209305,Low Opportunity
OPP368,1,12.920717075080166,77.82318829954563,1,1.0,Low,0,7.83,41.395348837209305,Low Opportunity
OPP369,1,12.91573825909874,77.85059289443035,1,1.0,Low,0,10.43,41.395348837209305,Low Opportunity
OPP370,1,12.92912769629103,77.80537408629563,1,1.0,Low,0,5.72,41.395348837209305,Low Opportunity
OPP371,1,12.925982720883429,77.81742208920024,1,1.0,Low,0,7.07,41.395348837209305,Low Opportunity
OPP372,1,12.931697780492932,77.84804805463722,1,1.0,Low,0,9.55,41.395348837209305,Low Opportunity
OPP373,1,12.937587448429255,77.78699706539749,1,1.0,Low,0,3.59,41.395348837209305,Low Opportunity
OPP374,1,12.935919546239374,77.79017309771159,1,1.0,Low,0,3.96,41.395348837209305,Low Opportunity
OPP375,1,12.939912789586774,77.81867239266644,1,1.0,Low,0,6.39,41.395348837209305,Low Opportunity
OPP376,1,12.945039615931572,77.8273449483012,1,1.0,Low,0,6.87,41.395348837209305,Low Opportunity
OPP377,1,12.955554443786763,77.81477733998526,1,1.0,Low,0,5.12,41.395348837209305,Low Opportunity
OPP378,1,12.954675763490467,77.83543233879098,1,1.0,Low,0,7.25,41.395348837209305,Low Opportunity
OPP379,1,12.966867591503885,77.82889133381224,1,1.0,Low,0,6.24,41.395348837209305,Low Opportunity
OPP380,1,12.963021071898446,77.83620547910712,1,1.0,Low,0,7.1,41.395348837209305,Low Opportunity
OPP381,1,12.973579437225382,77.84124007071024,1,1.0,Low,0,7.52,41.395348837209305,Low Opportunity
OPP382,1,12.980574133037983,77.82238791145271,1,1.0,Low,0,5.51,41.395348837209305,Low Opportunity
OPP383,1,12.99365812279891,77.83331357111575,1,1.0,Low,0,6.98,41.395348837209305,Low Opportunity
OPP384,1,12.999800543594814,77.8033623508769,1,1.0,Low,0,4.26,41.395348837209305,Low Opportunity
OPP385,1,13.01115487007467,77.83202789184844,1,1.0,Low,0,7.61,41.395348837209305,Low Opportunity
OPP386,1,13.00635351181568,77.8700118667303,1,1.0,Low,0,11.16,41.395348837209305,Low Opportunity
OPP387,1,13.021685541006413,77.78282963601019,1,1.0,Low,0,2.35,41.395348837209305,Low Opportunity
OPP388,1,13.016477349665092,77.78995091024125,1,1.0,Low,0,3.29,41.395348837209305,Low Opportunity
OPP389,1,13.014976544844284,77.84057681407357,1,1.0,Low,0,8.17,41.395348837209305,Low Opportunity
OPP390,1,13.028801046719089,77.7931454919724,1,1.0,Low,0,3.33,41.395348837209305,Low Opportunity
OPP391,1,13.025803424638717,77.80349160472201,1,1.0,Low,0,4.47,41.395348837209305,Low Opportunity
OPP392,1,13.028921612677808,77.80844729734916,1,1.0,Low,0,4.92,41.395348837209305,Low Opportunity
OPP393,1,13.02643239684081,77.81976842252038,1,1.0,Low,0,5.77,41.395348837209305,Low Opportunity
OPP394,1,13.028810243241963,77.8344074067126,1,1.0,Low,0,6.6,41.395348837209305,Low Opportunity
OPP395,1,13.03448140671198,77.78467487963184,1,1.0,Low,0,2.49,41.395348837209305,Low Opportunity
OPP396,1,13.03212235098172,77.81403469087124,1,1.0,Low,0,4.9,41.395348837209305,Low Opportunity
OPP397,1,13.043504972052716,77.77674554049761,1,1.0,Low,0,2.22,41.395348837209305,Low Opportunity
OPP398,5,13.056639960216494,77.6691258816376,1,1.0,Low,0,2.09,41.395348837209305,Low Opportunity
OPP399,1,13.058157824681262,77.76297981624488,1,1.0,Low,0,2.36,41.395348837209305,Low Opportunity
OPP400,1,13.052018799530876,77.78324611738873,1,1.0,Low,0,2.05,41.395348837209305,Low Opportunity
OPP401,1,13.072548026581472,77.7124335188722,1,1.0,Low,0,3.27,41.395348837209305,Low Opportunity
OPP402,1,13.084871641558603,77.745059761468,1,1.0,Low,0,2.33,41.395348837209305,Low Opportunity
OPP403,1,13.084744137045076,77.7774156482981,1,1.0,Low,0,2.18,41.395348837209305,Low Opportunity
OPP404,5,13.08609011295632,77.68840405650631,1,1.0,Low,0,3.72,41.395348837209305,Low Opportunity
OPP405,1,13.088021888445128,77.76805018667095,1,1.0,Low,0,3.15,41.395348837209305,Low Opportunity
OPP406,5,13.099814116468902,77.67513211116149,1,1.0,Low,0,2.68,41.395348837209305,Low Opportunity
OPP407,5,13.112006213336478,77.53312577885636,1,1.0,Low,0,2.5,41.395348837209305,Low Opportunity
OPP408,5,13.124911908757998,77.65693066406031,1,1.0,Low,0,3.4,41.395348837209305,Low Opportunity
OPP409,5,13.14418061136499,77.59799980169721,1,1.0,Low,0,2.47,41.395348837209305,Low Opportunity
OPP410,1,12.981643877521288,77.76788558684956,11,11.0,High,7,0.12,41.348837209302324,Low Opportunity
OPP411,3,12.910815415766946,77.63783519097798,28,28.0,High,19,0.23,41.06976744186046,Low Opportunity
OPP412,1,12.87089102062091,77.76712980588752,2,2.0,Low,1,0.81,40.7906976744186,Low Opportunity
OPP413,1,12.88458594925414,77.71303054201209,2,2.0,Low,1,1.77,40.7906976744186,Low Opportunity
OPP414,3,12.88297014819584,77.61818077745879,12,12.0,High,8,0.77,40.74418604651163,Low Opportunity
OPP415,2,12.917400294545851,77.57231869975361,12,12.0,High,8,0.47,40.74418604651163,Low Opportunity
OPP416,1,12.955391824870834,77.7388222139184,9,9.0,Medium,6,1.0,40.55813953488372,Low Opportunity
OPP417,4,13.000063207427251,77.66415128272392,9,9.0,Medium,6,0.54,40.55813953488372,Low Opportunity
OPP418,5,13.036951596673935,77.5822141249454,9,9.0,Medium,6,0.5,40.55813953488372,Low Opportunity
OPP419,5,12.990784042959907,77.6085917193231,13,13.0,High,9,0.21,40.13953488372093,Low Opportunity
OPP420,3,12.884241501643237,77.6362847668223,14,14.0,High,10,0.71,39.53488372093023,Low Opportunity
OPP421,2,12.872897878434827,77.52530707142061,1,1.0,Low,1,1.32,39.395348837209305,Low Opportunity
OPP422,1,12.875182818351242,77.76187745344647,1,1.0,Low,1,1.51,39.395348837209305,Low Opportunity
OPP423,1,12.871094091221575,77.77919194081473,1,1.0,Low,1,1.24,39.395348837209305,Low Opportunity
OPP424,2,12.88739044734246,77.5135707235177,1,1.0,Low,1,1.76,39.395348837209305,Low Opportunity
OPP425,2,12.892456005282105,77.52130143912477,1,1.0,Low,1,1.57,39.395348837209305,Low Opportunity
OPP426,1,12.900335922049392,77.74065018799205,1,1.0,Low,1,1.87,39.395348837209305,Low Opportunity
OPP427,1,13.047026414295964,77.7527877353915,1,1.0,Low,1,1.57,39.395348837209305,Low Opportunity
OPP428,5,13.054042552691604,77.524048393253,1,1.0,Low,1,1.91,39.395348837209305,Low Opportunity
OPP429,5,13.050318343652354,77.68101551436183,1,1.0,Low,1,1.93,39.395348837209305,Low Opportunity
OPP430,1,13.06481859288202,77.80256576968287,1,1.0,Low,1,1.47,39.395348837209305,Low Opportunity
OPP431,5,13.093651956793066,77.66972221548194,1,1.0,Low,1,1.84,39.395348837209305,Low Opportunity
OPP432,5,13.11330154798948,77.54983017693917,1,1.0,Low,1,1.9,39.395348837209305,Low Opportunity
OPP433,5,13.113081611664024,77.60138930378164,1,1.0,Low,1,1.03,39.395348837209305,Low Opportunity
OPP434,5,13.12622507810583,77.55044208105255,1,1.0,Low,1,1.87,39.395348837209305,Low Opportunity
OPP435,5,13.12278598735868,77.60176436219265,1,1.0,Low,1,0.07,39.395348837209305,Low Opportunity
OPP436,3,12.882135352637773,77.64652267238456,11,11.0,High,8,0.52,39.348837209302324,Low Opportunity
OPP437,1,13.0191195130347,77.75751601628755,8,8.0,Medium,6,0.27,39.16279069767442,Low Opportunity
OPP438,5,13.026860565870539,77.60069579066965,8,8.0,Medium,6,0.79,39.16279069767442,Low Opportunity
OPP439,3,12.891926041713955,77.5814268809178,15,15.0,High,11,0.42,38.93023255813953,Low Opportunity
OPP440,2,12.89984385892175,77.51900063786579,2,2.0,Low,2,0.85,38.7906976744186,Low Opportunity
OPP441,2,12.949755271025145,77.49946234401435,2,2.0,Low,2,1.27,38.7906976744186,Low Opportunity
OPP442,2,12.951669675822687,77.51852036787184,2,2.0,Low,2,0.81,38.7906976744186,Low Opportunity
OPP443,5,13.026710465269247,77.52482904285279,2,2.0,Low,2,1.37,38.7906976744186,Low Opportunity
OPP444,1,13.03133863804139,77.73910679050871,2,2.0,Low,2,1.0,38.7906976744186,Low Opportunity
OPP445,5,13.080764496776194,77.56081804177582,2,2.0,Low,2,1.26,38.7906976744186,Low Opportunity
OPP446,5,13.08810625266867,77.54718126360788,2,2.0,Low,2,0.87,38.7906976744186,Low Opportunity
OPP447,3,12.882977208409924,77.60184598742633,12,12.0,High,9,0.62,38.74418604651163,Low Opportunity
OPP448,2,12.928107262962518,77.55486344239893,9,9.0,Medium,7,0.8,38.55813953488372,Low Opportunity
OPP449,1,12.93640198761172,77.73834576238121,9,9.0,Medium,7,0.86,38.55813953488372,Low Opportunity
OPP450,2,12.955574772517885,77.54600584633464,9,9.0,Medium,7,0.52,38.55813953488372,Low Opportunity
OPP451,1,12.991682271940245,77.74760654058268,9,9.0,Medium,7,0.68,38.55813953488372,Low Opportunity
OPP452,5,13.008369558513031,77.62724156387632,9,9.0,Medium,7,0.72,38.55813953488372,Low Opportunity
OPP453,3,12.88419501395624,77.58158279856497,13,13.0,High,10,0.66,38.13953488372093,Low Opportunity
OPP454,1,12.945439370976954,77.72903310013261,13,13.0,High,10,0.51,38.13953488372093,Low Opportunity
OPP455,1,12.9730876454327,77.74912257857771,13,13.0,High,10,0.69,38.13953488372093,Low Opportunity
OPP456,2,12.920036708750207,77.56462103237583,10,10.0,High,8,0.78,37.95348837209302,Low Opportunity
OPP457,1,12.982406644933528,77.73982692311391,10,10.0,High,8,0.69,37.95348837209302,Low Opportunity
OPP458,4,12.991310296072456,77.66506574044402,10,10.0,High,8,0.47,37.95348837209302,Low Opportunity
OPP459,5,13.044735798026114,77.60094171703149,10,10.0,High,8,0.89,37.95348837209302,Low Opportunity
OPP460,3,12.866749180297045,77.6189143721582,7,7.0,Medium,6,0.18,37.76744186046511,Low Opportunity
OPP461,3,12.864868034621535,77.62919511492456,7,7.0,Medium,6,1.2,37.76744186046511,Low Opportunity
OPP462,2,12.981762189994521,77.54599761395761,7,7.0,Medium,6,0.37,37.76744186046511,Low Opportunity
OPP463,1,12.990988052901054,77.7680528423473,7,7.0,Medium,6,0.77,37.76744186046511,Low Opportunity
OPP464,5,13.053938192570413,77.58169578974189,7,7.0,Medium,6,0.57,37.76744186046511,Low Opportunity
OPP465,3,12.892335479382465,77.59954809642527,17,17.0,High,13,0.41,37.72093023255814,Low Opportunity
OPP466,4,12.918698464306768,77.66471818897028,14,14.0,High,11,0.5,37.534883720930225,Low Opportunity
OPP467,3,12.900670206133347,77.63761943240264,24,24.0,High,18,0.2,37.48837209302325,Low Opportunity
OPP468,3,12.83291225021506,77.57440695332069,1,1.0,Low,2,1.95,37.395348837209305,Low Opportunity
OPP469,3,12.83113428400476,77.58020272442185,1,1.0,Low,2,1.6,37.395348837209305,Low Opportunity
OPP470,3,12.834842425603073,77.62511638486487,1,1.0,Low,2,1.71,37.395348837209305,Low Opportunity
OPP471,3,12.845442837627369,77.53690002157671,1,1.0,Low,2,1.74,37.395348837209305,Low Opportunity
OPP472,3,12.84695188055626,77.62173318917318,1,1.0,Low,2,1.79,37.395348837209305,Low Opportunity
OPP473,3,12.85221267446032,77.5658288904564,1,1.0,Low,2,1.29,37.395348837209305,Low Opportunity
OPP474,1,12.887793631442184,77.72850866434577,1,1.0,Low,2,1.63,37.395348837209305,Low Opportunity
OPP475,2,12.93453996968997,77.5182588666817,1,1.0,Low,2,0.25,37.395348837209305,Low Opportunity
OPP476,2,13.010585183929376,77.49660124940922,1,1.0,Low,2,1.02,37.395348837209305,Low Opportunity
OPP477,5,13.016065308384904,77.51561029460511,1,1.0,Low,2,1.27,37.395348837209305,Low Opportunity
OPP478,1,13.037172917961549,77.73921101795864,1,1.0,Low,2,0.61,37.395348837209305,Low Opportunity
OPP479,1,13.037705482114228,77.77598009776524,1,1.0,Low,2,1.75,37.395348837209305,Low Opportunity
OPP480,5,13.046730121913386,77.6715551867829,1,1.0,Low,2,1.2,37.395348837209305,Low Opportunity
OPP481,1,13.042764952243084,77.71472309066002,1,1.0,Low,2,1.39,37.395348837209305,Low Opportunity
OPP482,1,13.04159364301443,77.72571684537344,1,1.0,Low,2,1.44,37.395348837209305,Low Opportunity
OPP483,1,13.041693345402328,77.76608162706391,1,1.0,Low,2,1.43,37.395348837209305,Low Opportunity
OPP484,1,13.057413323177432,77.75085678844482,1,1.0,Low,2,1.2,37.395348837209305,Low Opportunity
OPP485,1,13.066693076196907,77.74119568349356,1,1.0,Low,2,0.28,37.395348837209305,Low Opportunity
OPP486,5,13.092127018146346,77.53800776624959,1,1.0,Low,2,0.25,37.395348837209305,Low Opportunity
OPP487,5,13.09477725208666,77.52630258391201,1,1.0,Low,2,1.51,37.395348837209305,Low Opportunity
OPP488,5,13.027661637630512,77.60833125633044,11,11.0,High,9,0.6,37.34883720930233,Low Opportunity
OPP489,4,12.990492545819597,77.69256927141107,8,8.0,Medium,7,0.51,37.16279069767442,Low Opportunity
OPP490,5,13.054691682923755,77.60794116437987,8,8.0,Medium,7,0.37,37.16279069767442,Low Opportunity
OPP491,3,12.891330458831193,77.58990840749684,15,15.0,High,12,0.56,36.93023255813954,Low Opportunity
OPP492,2,12.909721359885292,77.5733684307352,15,15.0,High,12,0.39,36.93023255813954,Low Opportunity
OPP493,3,12.836365182109466,77.60322617496749,2,2.0,Low,3,1.38,36.7906976744186,Low Opportunity
OPP494,2,12.889634855747213,77.52360110454276,2,2.0,Low,3,1.87,36.7906976744186,Low Opportunity
OPP495,3,12.890113396252632,77.69883449862775,2,2.0,Low,3,1.73,36.7906976744186,Low Opportunity
OPP496,1,12.89326713859247,77.71616325914032,2,2.0,Low,3,0.75,36.7906976744186,Low Opportunity
OPP497,1,12.90487501936126,77.72236160106954,2,2.0,Low,3,0.36,36.7906976744186,Low Opportunity
OPP498,1,13.026004042953108,77.7724943860795,2,2.0,Low,3,1.14,36.7906976744186,Low Opportunity
OPP499,5,13.042606259654455,77.54644249712898,2,2.0,Low,3,0.15,36.7906976744186,Low Opportunity
OPP500,5,13.056859249327685,77.65533487775228,2,2.0,Low,3,0.75,36.7906976744186,Low Opportunity
OPP501,5,13.072416100237964,77.6613613100098,2,2.0,Low,3,0.97,36.7906976744186,Low Opportunity
OPP502,5,13.079590442917006,77.61781272000005,2,2.0,Low,3,1.7,36.7906976744186,Low Opportunity
OPP503,4,12.973235680964768,77.66373816347796,12,12.0,High,10,1.08,36.74418604651163,Low Opportunity
OPP504,1,12.972348153366235,77.73024932196256,12,12.0,High,10,0.51,36.74418604651163,Low Opportunity
OPP505,1,12.981469752465273,77.70197342834825,9,9.0,Medium,8,0.78,36.55813953488372,Low Opportunity
OPP506,1,12.989973729308137,77.73946267092444,9,9.0,Medium,8,0.75,36.55813953488372,Low Opportunity
OPP507,1,12.989723266279235,77.75684449645237,9,9.0,Medium,8,0.96,36.55813953488372,Low Opportunity
OPP508,2,12.928617884125503,77.54636768059598,6,6.0,Medium,6,0.19,36.372093023255815,Low Opportunity
OPP509,1,12.929445538891798,77.72985395505783,6,6.0,Medium,6,0.9,36.372093023255815,Low Opportunity
OPP510,2,12.973600099494915,77.5354518259736,6,6.0,Medium,6,0.64,36.372093023255815,Low Opportunity
OPP511,5,13.053929710894202,77.5745865155544,6,6.0,Medium,6,0.11,36.372093023255815,Low Opportunity
OPP512,3,12.901293082635576,77.61852851855043,16,16.0,High,13,0.53,36.325581395348834,Low Opportunity
OPP513,4,12.919237165022201,77.64579069279982,16,16.0,High,13,0.3,36.325581395348834,Low Opportunity
OPP514,2,12.927902673375808,77.56320803577117,13,13.0,High,11,0.17,36.13953488372093,Low Opportunity
OPP515,3,12.884107277765633,77.59136514074956,10,10.0,High,9,0.51,35.95348837209303,Low Opportunity
OPP516,4,12.928882329076604,77.68187991560333,10,10.0,High,9,0.31,35.95348837209303,Low Opportunity
OPP517,2,12.937403555742188,77.55550753078117,10,10.0,High,9,0.76,35.95348837209303,Low Opportunity
OPP518,1,12.973532214490405,77.73808670011972,10,10.0,High,9,0.39,35.95348837209303,Low Opportunity
OPP519,1,12.982957916968456,77.75578521305502,10,10.0,High,9,0.31,35.95348837209303,Low Opportunity
OPP520,1,13.000229701221821,77.73014027208455,10,10.0,High,9,1.07,35.95348837209303,Low Opportunity
OPP521,4,12.928781912000437,77.67332813191761,7,7.0,Medium,7,0.29,35.76744186046511,Low Opportunity
OPP522,5,13.045526434879765,77.58306036768168,7,7.0,Medium,7,0.55,35.76744186046511,Low Opportunity
OPP523,3,12.800917055803922,77.66778913631445,1,1.0,Low,3,0.6,35.395348837209305,Low Opportunity
OPP524,3,12.82143832833315,77.69842312645385,1,1.0,Low,3,1.45,35.395348837209305,Low Opportunity
OPP525,3,12.829912277659302,77.62763815032581,1,1.0,Low,3,1.79,35.395348837209305,Low Opportunity
OPP526,3,12.8313640683876,77.63404571230132,1,1.0,Low,3,1.22,35.395348837209305,Low Opportunity
OPP527,3,12.836597796442678,77.58270930231082,1,1.0,Low,3,0.97,35.395348837209305,Low Opportunity
OPP528,3,12.858531242999144,77.53042865793148,1,1.0,Low,3,1.07,35.395348837209305,Low Opportunity
OPP529,3,12.857119966813736,77.5468458191652,1,1.0,Low,3,0.66,35.395348837209305,Low Opportunity
OPP530,3,12.864618484305502,77.53836839300156,1,1.0,Low,3,0.37,35.395348837209305,Low Opportunity
OPP531,2,12.88410803021782,77.52926186031095,1,1.0,Low,3,1.27,35.395348837209305,Low Opportunity
OPP532,3,12.880977914419825,77.67714745152398,1,1.0,Low,3,0.17,35.395348837209305,Low Opportunity
OPP533,2,12.905348090654227,77.48703009278519,1,1.0,Low,3,0.91,35.395348837209305,Low Opportunity
OPP534,2,12.911079895537911,77.51727877775834,1,1.0,Low,3,0.53,35.395348837209305,Low Opportunity
OPP535,2,12.914142287346884,77.52182027288792,1,1.0,Low,3,0.36,35.395348837209305,Low Opportunity
OPP536,2,12.986261906398047,77.48841037232492,1,1.0,Low,3,0.4,35.395348837209305,Low Opportunity
OPP537,2,13.001345543383868,77.48386020986206,1,1.0,Low,3,1.26,35.395348837209305,Low Opportunity
OPP538,2,13.000972880063408,77.51731026930419,1,1.0,Low,3,1.43,35.395348837209305,Low Opportunity
OPP539,5,13.026631924775147,77.51523756382424,1,1.0,Low,3,1.67,35.395348837209305,Low Opportunity
OPP540,5,13.036841698564412,77.51964991918881,1,1.0,Low,3,1.5,35.395348837209305,Low Opportunity
OPP541,1,13.038157089343896,77.71518002766364,1,1.0,Low,3,1.03,35.395348837209305,Low Opportunity
OPP542,1,13.047902371732086,77.73766323690447,1,1.0,Low,3,0.6,35.395348837209305,Low Opportunity
OPP543,1,13.056622782112925,77.73260629034779,1,1.0,Low,3,1.27,35.395348837209305,Low Opportunity
OPP544,1,13.05836293840246,77.74202376044319,1,1.0,Low,3,0.6,35.395348837209305,Low Opportunity
OPP545,5,13.062041091640342,77.52647845686226,1,1.0,Low,3,1.52,35.395348837209305,Low Opportunity
OPP546,5,13.05939071955698,77.65784006094513,1,1.0,Low,3,1.02,35.395348837209305,Low Opportunity
OPP547,5,13.06097090332244,77.66069201255594,1,1.0,Low,3,1.28,35.395348837209305,Low Opportunity
OPP548,5,13.083316687156756,77.59197464439507,1,1.0,Low,3,1.34,35.395348837209305,Low Opportunity
OPP549,5,13.085332158434564,77.66146354632852,1,1.0,Low,3,0.82,35.395348837209305,Low Opportunity
OPP550,5,13.094528804293905,77.60075500531337,1,1.0,Low,3,0.36,35.395348837209305,Low Opportunity
OPP551,5,13.095032130036213,77.6020514265104,1,1.0,Low,3,0.41,35.395348837209305,Low Opportunity
OPP552,3,12.901325074319537,77.58254521208458,11,11.0,High,10,0.13,35.348837209302324,Low Opportunity
OPP553,3,12.864732482311242,77.58029189808938,8,8.0,Medium,8,0.7,35.16279069767442,Low Opportunity
OPP554,2,12.911824900510572,77.56386324083148,8,8.0,Medium,8,0.36,35.16279069767442,Low Opportunity
OPP555,4,12.946501028891337,77.67295207911346,8,8.0,Medium,8,1.51,35.16279069767442,Low Opportunity
OPP556,4,12.945568077887065,77.68365224326841,8,8.0,Medium,8,0.49,35.16279069767442,Low Opportunity
OPP557,1,12.9825361726504,77.72905535769333,8,8.0,Medium,8,0.57,35.16279069767442,Low Opportunity
OPP558,2,12.990569170105745,77.56402025790307,8,8.0,Medium,8,0.43,35.16279069767442,Low Opportunity
OPP559,2,12.909689281702208,77.54485403369486,5,5.0,Medium,6,0.29,34.97674418604651,Low Opportunity
OPP560,2,12.954290540964461,77.52675179365276,5,5.0,Medium,6,1.04,34.97674418604651,Low Opportunity
OPP561,4,13.00050999892294,77.69115489740257,5,5.0,Medium,6,0.48,34.97674418604651,Low Opportunity
OPP562,1,13.018676057170325,77.72202285899687,5,5.0,Medium,6,0.24,34.97674418604651,Low Opportunity
OPP563,5,13.044127399331856,77.56250099077691,5,5.0,Medium,6,1.41,34.97674418604651,Low Opportunity
OPP564,5,13.061552769846386,77.60726879178259,5,5.0,Medium,6,0.6,34.97674418604651,Low Opportunity
OPP565,3,12.845828239393558,77.62893241412053,2,2.0,Low,4,1.28,34.7906976744186,Low Opportunity
OPP566,3,12.863460440547266,77.55446362966765,2,2.0,Low,4,1.42,34.7906976744186,Low Opportunity
OPP567,3,12.864159706042194,77.56421391408702,2,2.0,Low,4,0.53,34.7906976744186,Low Opportunity
OPP568,2,12.918258137589913,77.52774222389426,2,2.0,Low,4,1.01,34.7906976744186,Low Opportunity
OPP569,2,12.952801267323377,77.50677476659834,2,2.0,Low,4,1.06,34.7906976744186,Low Opportunity
OPP570,1,13.009080493749575,77.70055138625811,2,2.0,Low,4,1.21,34.7906976744186,Low Opportunity
OPP571,5,13.029087735320275,77.5658749553015,2,2.0,Low,4,0.81,34.7906976744186,Low Opportunity
OPP572,3,12.893518840952119,77.62864283099533,12,12.0,High,11,0.1,34.74418604651162,Low Opportunity
OPP573,2,12.901020561141756,77.56282333889713,12,12.0,High,11,0.71,34.74418604651162,Low Opportunity
OPP574,2,12.946624194092173,77.56267866418936,12,12.0,High,11,1.1,34.74418604651162,Low Opportunity
OPP575,1,12.96467369474422,77.73145522914677,12,12.0,High,11,0.81,34.74418604651162,Low Opportunity
OPP576,1,12.97267909912762,77.71990266973127,12,12.0,High,11,0.63,34.74418604651162,Low Opportunity
OPP577,5,13.054429489367493,77.59122670514832,6,6.0,Medium,7,1.09,34.372093023255815,Low Opportunity
OPP578,5,13.064749758849674,77.61958846595604,6,6.0,Medium,7,0.66,34.372093023255815,Low Opportunity
OPP579,4,12.955341982049912,77.69336895537336,10,10.0,High,10,0.65,33.95348837209302,Low Opportunity
OPP580,4,12.971232148416963,77.65512967234108,10,10.0,High,10,0.12,33.95348837209302,Low Opportunity
OPP581,5,13.02742970645976,77.61848469119003,10,10.0,High,10,0.5,33.95348837209302,Low Opportunity
OPP582,5,13.027392147311833,77.64544636756685,10,10.0,High,10,0.23,33.95348837209302,Low Opportunity
OPP583,3,12.875373872134796,77.61781286090375,7,7.0,Medium,8,0.45,33.76744186046511,Low Opportunity
OPP584,4,12.971576942230246,77.6728818324203,7,7.0,Medium,8,0.3,33.76744186046511,Low Opportunity
OPP585,4,13.000617951820407,77.65500576167085,7,7.0,Medium,8,0.98,33.76744186046511,Low Opportunity
OPP586,4,13.009405439538478,77.65500917904184,7,7.0,Medium,8,0.87,33.76744186046511,Low Opportunity
OPP587,5,13.04387335089064,77.59123349453144,7,7.0,Medium,8,1.45,33.76744186046511,Low Opportunity
OPP588,3,12.918446735847349,77.63649684053607,17,17.0,High,15,0.39,33.72093023255814,Low Opportunity
OPP589,2,12.920232400500549,77.54548201272596,4,4.0,Medium,6,0.52,33.58139534883721,Low Opportunity
OPP590,2,12.945288460170076,77.53657303745902,4,4.0,Medium,6,0.78,33.58139534883721,Low Opportunity
OPP591,4,12.961429211852646,77.66625582279177,4,4.0,Medium,6,0.58,33.58139534883721,Low Opportunity
OPP592,2,12.972817629509647,77.55582641983669,4,4.0,Medium,6,0.32,33.58139534883721,Low Opportunity
OPP593,5,13.001539639466488,77.55400955941269,4,4.0,Medium,6,0.23,33.58139534883721,Low Opportunity
OPP594,1,13.026238017341154,77.72031020495955,4,4.0,Medium,6,0.26,33.58139534883721,Low Opportunity
OPP595,5,13.035356952632014,77.65350268005723,4,4.0,Medium,6,0.9,33.58139534883721,Low Opportunity
OPP596,3,12.858344141959574,77.5523943335126,1,1.0,Low,4,1.18,33.395348837209305,Low Opportunity
OPP597,2,12.92484095282889,77.4810072148,1,1.0,Low,4,1.31,33.395348837209305,Low Opportunity
OPP598,2,12.932946086078136,77.50796736708722,1,1.0,Low,4,1.02,33.395348837209305,Low Opportunity
OPP599,2,12.957519149203655,77.48982026890688,1,1.0,Low,4,1.01,33.395348837209305,Low Opportunity
OPP600,2,12.973972069313184,77.48109687394317,1,1.0,Low,4,1.56,33.395348837209305,Low Opportunity
OPP601,2,12.98803333974446,77.52066364259407,1,1.0,Low,4,0.25,33.395348837209305,Low Opportunity
OPP602,2,12.989628173153127,77.52939916988163,1,1.0,Low,4,0.96,33.395348837209305,Low Opportunity
OPP603,2,13.001711639579586,77.49774361020891,1,1.0,Low,4,1.14,33.395348837209305,Low Opportunity
OPP604,1,13.02495021576308,77.75065766789578,1,1.0,Low,4,0.44,33.395348837209305,Low Opportunity
OPP605,5,13.040522883555711,77.50540104088991,1,1.0,Low,4,0.23,33.395348837209305,Low Opportunity
OPP606,1,13.036164314668902,77.70237077575946,1,1.0,Low,4,0.77,33.395348837209305,Low Opportunity
OPP607,5,13.060192572223697,77.51234285865256,1,1.0,Low,4,0.78,33.395348837209305,Low Opportunity
OPP608,5,13.07188242080801,77.56303025726949,1,1.0,Low,4,0.51,33.395348837209305,Low Opportunity
OPP609,5,13.08243930136828,77.62951262047362,1,1.0,Low,4,0.49,33.395348837209305,Low Opportunity
OPP610,5,13.09108032620932,77.57558841261734,1,1.0,Low,4,0.85,33.395348837209305,Low Opportunity
OPP611,5,13.116497289307851,77.56145465171222,1,1.0,Low,4,1.13,33.395348837209305,Low Opportunity
OPP612,5,13.121242760286515,77.61229943729059,1,1.0,Low,4,1.11,33.395348837209305,Low Opportunity
OPP613,5,13.126309131148936,77.61166677571636,1,1.0,Low,4,1.12,33.395348837209305,Low Opportunity
OPP614,4,12.963992665781815,77.67467546570181,8,8.0,Medium,9,0.43,33.162790697674424,Low Opportunity
OPP615,4,13.010304946962176,77.64828866493127,8,8.0,Medium,9,0.44,33.162790697674424,Low Opportunity
OPP616,1,12.936777900421053,77.7198043287833,5,5.0,Medium,7,0.52,32.97674418604651,Low Opportunity
OPP617,4,12.955702671949243,77.68301274822471,5,5.0,Medium,7,0.86,32.97674418604651,Low Opportunity
OPP618,5,13.018216782656964,77.61551175977772,5,5.0,Medium,7,0.92,32.97674418604651,Low Opportunity
OPP619,1,13.020577334563011,77.70153606988292,5,5.0,Medium,7,0.58,32.97674418604651,Low Opportunity
OPP620,5,13.039145774829962,77.57088938518449,5,5.0,Medium,7,0.61,32.97674418604651,Low Opportunity
OPP621,3,12.865122111876639,77.68545583096702,2,2.0,Low,5,0.37,32.7906976744186,Low Opportunity
OPP622,4,12.895919275532453,77.69600421584519,2,2.0,Low,5,1.08,32.7906976744186,Low Opportunity
OPP623,4,12.900821361695545,77.70054616455272,2,2.0,Low,5,0.66,32.7906976744186,Low Opportunity
OPP624,2,12.939480084457525,77.5355577865468,2,2.0,Low,5,0.4,32.7906976744186,Low Opportunity
OPP625,2,12.947225998124342,77.52592352231986,2,2.0,Low,5,1.58,32.7906976744186,Low Opportunity
OPP626,2,12.974895642702393,77.50025199316798,2,2.0,Low,5,1.3,32.7906976744186,Low Opportunity
OPP627,5,13.034691863670801,77.53812557963508,2,2.0,Low,5,1.01,32.7906976744186,Low Opportunity
OPP628,5,13.034438287810907,77.66552626076407,2,2.0,Low,5,0.18,32.7906976744186,Low Opportunity
OPP629,4,13.033703349922233,77.69080881636742,2,2.0,Low,5,0.47,32.7906976744186,Low Opportunity
OPP630,5,13.059696426275243,77.5618923846626,2,2.0,Low,5,1.13,32.7906976744186,Low Opportunity
OPP631,5,13.072305455044368,77.53722252023823,2,2.0,Low,5,1.04,32.7906976744186,Low Opportunity
OPP632,5,13.078384610383448,77.60187593207547,2,2.0,Low,5,1.4,32.7906976744186,Low Opportunity
OPP633,5,13.08910032572906,77.52701679827356,2,2.0,Low,5,1.36,32.7906976744186,Low Opportunity
OPP634,5,13.100201159109787,77.59147433254594,2,2.0,Low,5,1.41,32.7906976744186,Low Opportunity
OPP635,3,12.875383073621274,77.59120255452848,9,9.0,Medium,10,0.05,32.55813953488372,Low Opportunity
OPP636,3,12.857576677602045,77.60814235580646,6,6.0,Medium,8,0.67,32.372093023255815,Low Opportunity
OPP637,3,12.883235232833613,77.56306786280369,6,6.0,Medium,8,0.48,32.372093023255815,Low Opportunity
OPP638,4,12.981027493754047,77.66368110431864,6,6.0,Medium,8,1.37,32.372093023255815,Low Opportunity
OPP639,1,13.010002614787345,77.7205285803988,6,6.0,Medium,8,0.63,32.372093023255815,Low Opportunity
OPP640,3,12.90157502868265,77.59959992510213,16,16.0,High,15,0.31,32.325581395348834,Low Opportunity
OPP641,3,12.910898189301957,77.65494869550159,16,16.0,High,15,0.53,32.325581395348834,Low Opportunity
OPP642,3,12.87619092373909,77.53769784786545,3,3.0,Medium,6,1.03,32.18604651162791,Low Opportunity
OPP643,3,12.872582368019536,77.54511863276075,3,3.0,Medium,6,1.21,32.18604651162791,Low Opportunity
OPP644,3,12.873144052391494,77.64386640146753,3,3.0,Medium,6,0.49,32.18604651162791,Low Opportunity
OPP645,1,12.920733276263341,77.71123110030595,3,3.0,Medium,6,1.19,32.18604651162791,Low Opportunity
OPP646,2,12.96207274748695,77.5288264206477,3,3.0,Medium,6,0.57,32.18604651162791,Low Opportunity
OPP647,4,12.999586867674246,77.68322201802768,3,3.0,Medium,6,0.93,32.18604651162791,Low Opportunity
OPP648,1,12.999167535639847,77.70000481481954,3,3.0,Medium,6,1.03,32.18604651162791,Low Opportunity
OPP649,5,13.019529561995206,77.54639117201951,3,3.0,Medium,6,0.93,32.18604651162791,Low Opportunity
OPP650,4,13.01725872755226,77.6926340199985,3,3.0,Medium,6,0.77,32.18604651162791,Low Opportunity
OPP651,1,13.025964263301203,77.75787789802148,3,3.0,Medium,6,0.59,32.18604651162791,Low Opportunity
OPP652,5,13.035453247954754,77.5460355726829,3,3.0,Medium,6,0.61,32.18604651162791,Low Opportunity
OPP653,3,12.893277732644052,77.65451849802385,10,10.0,High,11,0.51,31.95348837209302,Low Opportunity
OPP654,4,12.93627476216679,77.68372669654447,10,10.0,High,11,0.48,31.95348837209302,Low Opportunity
OPP655,5,13.035716656210264,77.61011215252711,10,10.0,High,11,0.21,31.95348837209302,Low Opportunity
OPP656,3,12.855903889478762,77.58356525797201,7,7.0,Medium,9,1.11,31.76744186046512,Low Opportunity
OPP657,3,12.864474166089805,77.59977489451926,7,7.0,Medium,9,0.1,31.76744186046512,Low Opportunity
OPP658,1,12.937609201134665,77.71034406959106,7,7.0,Medium,9,1.09,31.76744186046512,Low Opportunity
OPP659,1,12.944895527127384,77.74084099196143,7,7.0,Medium,9,1.41,31.76744186046512,Low Opportunity
OPP660,1,12.972940225476533,77.76603573327188,7,7.0,Medium,9,0.21,31.76744186046512,Low Opportunity
OPP661,4,12.997581853429748,77.67518417571273,7,7.0,Medium,9,0.14,31.76744186046512,Low Opportunity
OPP662,3,12.855158861005078,77.59208621747851,4,4.0,Medium,7,0.24,31.58139534883721,Low Opportunity
OPP663,3,12.881954437584117,77.66749132703211,4,4.0,Medium,7,0.58,31.58139534883721,Low Opportunity
OPP664,1,12.929930704027123,77.72225529146209,4,4.0,Medium,7,1.1,31.58139534883721,Low Opportunity
OPP665,4,12.970293919306659,77.69974744596327,4,4.0,Medium,7,0.56,31.58139534883721,Low Opportunity
OPP666,2,12.993769249710876,77.5447748623649,4,4.0,Medium,7,0.77,31.58139534883721,Low Opportunity
OPP667,1,13.009669057821455,77.71009908178384,4,4.0,Medium,7,0.67,31.58139534883721,Low Opportunity
OPP668,4,13.017754981800024,77.66458337230068,4,4.0,Medium,7,0.53,31.58139534883721,Low Opportunity
OPP669,5,13.025815672303413,77.55227558532826,4,4.0,Medium,7,0.63,31.58139534883721,Low Opportunity
OPP670,5,13.044850191966525,77.57414513403792,4,4.0,Medium,7,0.3,31.58139534883721,Low Opportunity
OPP671,5,13.063155425759064,77.57212717059086,4,4.0,Medium,7,0.89,31.58139534883721,Low Opportunity
OPP672,4,12.927187523582443,77.70478673912164,1,1.0,Low,5,0.25,31.3953488372093,Low Opportunity
OPP673,2,12.960383171384688,77.52093316017783,1,1.0,Low,5,0.15,31.3953488372093,Low Opportunity
OPP674,2,12.993255987578213,77.50799173836837,1,1.0,Low,5,1.02,31.3953488372093,Low Opportunity
OPP675,5,13.00446350123822,77.54105790719618,1,1.0,Low,5,0.71,31.3953488372093,Low Opportunity
OPP676,5,13.013115364813927,77.53009252261782,1,1.0,Low,5,1.11,31.3953488372093,Low Opportunity
OPP677,5,13.024586522919712,77.53472103743223,1,1.0,Low,5,0.28,31.3953488372093,Low Opportunity
OPP678,5,13.074534864850056,77.51738826390778,1,1.0,Low,5,0.27,31.3953488372093,Low Opportunity
OPP679,5,13.074197635724442,77.54641100571267,1,1.0,Low,5,1.05,31.3953488372093,Low Opportunity
OPP680,5,13.079058012077985,77.52629802549168,1,1.0,Low,5,0.39,31.3953488372093,Low Opportunity
OPP681,5,13.079111260710674,77.6522419937124,1,1.0,Low,5,0.9,31.3953488372093,Low Opportunity
OPP682,5,13.111060877766592,77.56183532987525,1,1.0,Low,5,1.08,31.3953488372093,Low Opportunity
OPP683,5,13.110536239339158,77.58522092775767,1,1.0,Low,5,0.67,31.3953488372093,Low Opportunity
OPP684,1,12.955218075006645,77.71031416039246,11,11.0,High,12,0.37,31.348837209302324,Low Opportunity
OPP685,4,12.981158880139828,77.67332768717675,11,11.0,High,12,0.44,31.348837209302324,Low Opportunity
OPP686,4,12.919205472268331,77.67381269881105,8,8.0,Medium,10,0.51,31.162790697674417,Low Opportunity
OPP687,5,13.027608870522439,77.63879449639363,8,8.0,Medium,10,0.46,31.162790697674417,Low Opportunity
OPP688,5,13.045715677087925,77.61951680952797,8,8.0,Medium,10,0.86,31.162790697674417,Low Opportunity
OPP689,3,12.87276939084287,77.58165953598132,5,5.0,Medium,8,0.37,30.97674418604651,Low Opportunity
OPP690,4,12.946405051980161,77.69273568205652,5,5.0,Medium,8,0.52,30.97674418604651,Low Opportunity
OPP691,2,12.963742504803657,77.54380599881866,5,5.0,Medium,8,0.81,30.97674418604651,Low Opportunity
OPP692,4,12.91071530734866,77.66463639271373,15,15.0,High,15,0.41,30.930232558139533,Low Opportunity
OPP693,2,12.984155963994432,77.53581981195379,2,2.0,Low,6,0.87,30.790697674418606,Low Opportunity
OPP694,5,13.00782505656077,77.53275523419626,2,2.0,Low,6,0.56,30.790697674418606,Low Opportunity
OPP695,5,13.017645641403146,77.53759749466913,2,2.0,Low,6,0.63,30.790697674418606,Low Opportunity
OPP696,4,13.028432837007006,77.69110529641515,2,2.0,Low,6,0.29,30.790697674418606,Low Opportunity
OPP697,1,13.026025799735788,77.71310329783188,2,2.0,Low,6,0.52,30.790697674418606,Low Opportunity
OPP698,5,13.05562481030912,77.56237788339674,2,2.0,Low,6,1.39,30.790697674418606,Low Opportunity
OPP699,5,13.051804366073378,77.64850428614602,2,2.0,Low,6,0.67,30.790697674418606,Low Opportunity
OPP700,5,13.11539525608842,77.56976502245467,2,2.0,Low,6,0.24,30.790697674418606,Low Opportunity
OPP701,1,12.97235502782737,77.75756757177534,9,9.0,Medium,11,0.54,30.55813953488372,Low Opportunity
OPP702,1,12.990099704956297,77.72787557793018,9,9.0,Medium,11,0.34,30.55813953488372,Low Opportunity
OPP703,5,13.034961079501928,77.62716276724532,9,9.0,Medium,11,0.23,30.55813953488372,Low Opportunity
OPP704,2,12.893348212289467,77.55618734111398,6,6.0,Medium,9,0.9,30.372093023255815,Low Opportunity
OPP705,5,13.01858855872897,77.63699560208,6,6.0,Medium,9,0.61,30.372093023255815,Low Opportunity
OPP706,5,13.045199760534443,77.63866304249753,6,6.0,Medium,9,1.07,30.372093023255815,Low Opportunity
OPP707,3,12.849646993329022,77.60028799207178,3,3.0,Medium,7,0.86,30.186046511627907,Low Opportunity
OPP708,3,12.874595635393264,77.57272398902155,3,3.0,Medium,7,0.28,30.186046511627907,Low Opportunity
OPP709,3,12.875439282245438,77.62627944800774,3,3.0,Medium,7,1.12,30.186046511627907,Low Opportunity
OPP710,3,12.884983533660096,77.55503926357105,3,3.0,Medium,7,0.41,30.186046511627907,Low Opportunity
OPP711,4,12.901711870211836,77.69465729775708,3,3.0,Medium,7,0.49,30.186046511627907,Low Opportunity
OPP712,5,13.051659959704084,77.63918250132845,3,3.0,Medium,7,0.92,30.186046511627907,Low Opportunity
OPP713,3,12.853698539648489,77.60084247078329,4,4.0,Medium,8,0.83,29.58139534883721,Low Opportunity
OPP714,3,12.86751956550911,77.59151380904382,4,4.0,Medium,8,0.55,29.58139534883721,Low Opportunity
OPP715,3,12.864400603157847,77.6731173431418,4,4.0,Medium,8,0.53,29.58139534883721,Low Opportunity
OPP716,3,12.8738535087609,77.6626149311883,4,4.0,Medium,8,0.56,29.58139534883721,Low Opportunity
OPP717,3,12.89453880451981,77.68195238461335,4,4.0,Medium,8,0.66,29.58139534883721,Low Opportunity
OPP718,4,12.900998480864954,77.68636209552268,4,4.0,Medium,8,0.17,29.58139534883721,Low Opportunity
OPP719,4,12.919574353296957,77.70229404925942,4,4.0,Medium,8,0.58,29.58139534883721,Low Opportunity
OPP720,1,12.999252776739922,77.72246119386159,4,4.0,Medium,8,0.52,29.58139534883721,Low Opportunity
OPP721,5,13.017320003658194,77.55265522031716,4,4.0,Medium,8,1.15,29.58139534883721,Low Opportunity
OPP722,5,13.02514142096987,77.54446182062044,4,4.0,Medium,8,0.42,29.58139534883721,Low Opportunity
OPP723,5,13.073044577062674,77.62832956292209,4,4.0,Medium,8,1.13,29.58139534883721,Low Opportunity
OPP724,3,12.85104479591743,77.681656854502,1,1.0,Low,6,0.62,29.3953488372093,Low Opportunity
OPP725,3,12.851350555696024,77.68866387894006,1,1.0,Low,6,0.74,29.3953488372093,Low Opportunity
OPP726,2,12.91084914859398,77.50528368219467,1,1.0,Low,6,0.94,29.3953488372093,Low Opportunity
OPP727,2,12.959881895439445,77.53181276103828,1,1.0,Low,6,0.34,29.3953488372093,Low Opportunity
OPP728,2,12.97809619627821,77.52202011645187,1,1.0,Low,6,0.61,29.3953488372093,Low Opportunity
OPP729,4,13.02236691037948,77.68236996844485,1,1.0,Low,6,0.46,29.3953488372093,Low Opportunity
OPP730,1,13.02079856391796,77.7106634606277,1,1.0,Low,6,0.57,29.3953488372093,Low Opportunity
OPP731,4,13.027324550746105,77.6824910565729,1,1.0,Low,6,0.79,29.3953488372093,Low Opportunity
OPP732,1,13.030325530311568,77.6978122026736,1,1.0,Low,6,0.51,29.3953488372093,Low Opportunity
OPP733,5,13.053020141893604,77.55741259795226,1,1.0,Low,6,1.26,29.3953488372093,Low Opportunity
OPP734,5,13.07759518518046,77.65045578784681,1,1.0,Low,6,0.75,29.3953488372093,Low Opportunity
OPP735,5,13.105214542957226,77.5689863113496,1,1.0,Low,6,0.13,29.3953488372093,Low Opportunity
OPP736,5,13.112570734260094,77.63044963898898,1,1.0,Low,6,1.06,29.3953488372093,Low Opportunity
OPP737,1,12.946421478378518,77.72054777398426,11,11.0,High,13,0.6,29.348837209302324,Low Opportunity
OPP738,5,13.037690447976225,77.59985864953416,8,8.0,Medium,11,1.08,29.162790697674417,Low Opportunity
OPP739,5,13.036273512903444,77.6180757270099,8,8.0,Medium,11,0.21,29.162790697674417,Low Opportunity
OPP740,5,13.045045759130366,77.62793940056284,5,5.0,Medium,9,0.21,28.976744186046513,Low Opportunity
OPP741,1,12.910859860332817,77.70925385858274,2,2.0,Low,7,0.36,28.790697674418606,Low Opportunity
OPP742,5,13.04590527141793,77.64290412083912,2,2.0,Low,7,0.88,28.790697674418606,Low Opportunity
OPP743,5,13.090002049329243,77.63027233167884,2,2.0,Low,7,0.46,28.790697674418606,Low Opportunity
OPP744,4,12.964665543180026,77.6848466878077,9,9.0,Medium,12,0.95,28.558139534883722,Low Opportunity
OPP745,1,12.990127954448456,77.71082064990215,6,6.0,Medium,10,0.14,28.372093023255815,Low Opportunity
OPP746,4,13.009522529795321,77.67441151284261,6,6.0,Medium,10,0.73,28.372093023255815,Low Opportunity
OPP747,3,12.855793875513987,77.64796841280452,3,3.0,Medium,8,0.63,28.186046511627907,Low Opportunity
OPP748,3,12.866910427523452,77.61184693089689,3,3.0,Medium,8,0.5,28.186046511627907,Low Opportunity
OPP749,3,12.86508161207504,77.65031947931908,3,3.0,Medium,8,0.14,28.186046511627907,Low Opportunity
OPP750,2,12.952587128829569,77.53580621270396,3,3.0,Medium,8,1.06,28.186046511627907,Low Opportunity
OPP751,1,12.962975750116229,77.7111193088764,10,10.0,High,13,0.29,27.95348837209302,Low Opportunity
OPP752,3,12.874138968762844,77.61054542021334,7,7.0,Medium,11,0.75,27.767441860465112,Low Opportunity
OPP753,4,12.97329719662659,77.69262552669552,7,7.0,Medium,11,0.49,27.767441860465112,Low Opportunity
OPP754,4,12.991483910714683,77.67467263509324,7,7.0,Medium,11,0.62,27.767441860465112,Low Opportunity
OPP755,1,12.98795524939963,77.72081456668629,7,7.0,Medium,11,0.34,27.767441860465112,Low Opportunity
OPP756,3,12.834334045158148,77.66865038706645,1,1.0,Low,7,0.24,27.3953488372093,Low Opportunity
OPP757,5,13.032706934936575,77.67437414041055,1,1.0,Low,7,1.01,27.3953488372093,Low Opportunity
OPP758,3,12.872539861402277,77.5989477380717,8,8.0,Medium,12,0.68,27.162790697674417,Low Opportunity
OPP759,4,12.979971532689248,77.68428796127291,5,5.0,Medium,10,0.5,26.97674418604651,Low Opportunity
OPP760,1,12.999269712432326,77.71111045586225,5,5.0,Medium,10,0.35,26.97674418604651,Low Opportunity
OPP761,3,12.848607246551524,77.66473258190132,2,2.0,Low,8,1.09,26.790697674418606,Low Opportunity
OPP762,3,12.853613749547474,77.65414169155046,2,2.0,Low,8,0.27,26.790697674418606,Low Opportunity
OPP763,3,12.86510947277635,77.65231395429211,2,2.0,Low,8,0.15,26.790697674418606,Low Opportunity
OPP764,3,12.873505641275676,77.67209056714023,2,2.0,Low,8,0.97,26.790697674418606,Low Opportunity
OPP765,5,13.036116242828214,77.63692959625891,2,2.0,Low,8,0.35,26.790697674418606,Low Opportunity
OPP766,5,13.063104762357378,77.64413850786244,2,2.0,Low,8,0.55,26.790697674418606,Low Opportunity
OPP767,5,13.089517251610495,77.63915190425152,2,2.0,Low,8,0.56,26.790697674418606,Low Opportunity
OPP768,3,12.901786905191855,77.66422702780729,12,12.0,High,15,0.2,26.744186046511626,Low Opportunity
OPP769,4,13.009170597989971,77.66435767624782,6,6.0,Medium,11,0.38,26.372093023255808,Low Opportunity
OPP770,5,13.01752052334553,77.64586566383794,6,6.0,Medium,11,0.52,26.372093023255808,Low Opportunity
OPP771,5,13.018293447153527,77.65630211354568,6,6.0,Medium,11,0.15,26.372093023255808,Low Opportunity
OPP772,4,13.016271625599964,77.67383339615549,3,3.0,Medium,9,0.88,26.18604651162791,Low Opportunity
OPP773,5,13.063420573051816,77.63915852054251,3,3.0,Medium,9,0.46,26.18604651162791,Low Opportunity
OPP774,4,12.974430507758095,77.68345512423878,4,4.0,Medium,10,0.4,25.58139534883721,Low Opportunity
OPP775,5,13.072849021873212,77.63872745340693,4,4.0,Medium,10,0.94,25.58139534883721,Low Opportunity
OPP776,3,12.8510966135563,77.63888148290398,1,1.0,Low,8,0.77,25.3953488372093,Low Opportunity
OPP777,4,12.90939584132628,77.70421911241108,1,1.0,Low,8,0.7,25.3953488372093,Low Opportunity
OPP778,5,13.032670149231825,77.67876931397889,1,1.0,Low,8,0.78,25.3953488372093,Low Opportunity
OPP779,5,13.049276930877824,77.50223520072147,1,1.0,Low,8,0.82,25.3953488372093,Low Opportunity
OPP780,3,12.883720201805467,77.65558272739837,8,8.0,Medium,13,1.18,25.162790697674417,Low Opportunity
OPP781,4,12.944429401692958,77.70024101370377,5,5.0,Medium,11,0.62,24.976744186046506,Low Opportunity
OPP782,3,12.862069269984389,77.66508590753193,2,2.0,Low,9,0.69,24.79069767441861,Low Opportunity
OPP783,4,13.026810958370259,77.67310703635906,2,2.0,Low,9,0.51,24.79069767441861,Low Opportunity
OPP784,4,12.909328868063318,77.68235343372346,6,6.0,Medium,12,0.59,24.372093023255815,Low Opportunity
OPP785,1,12.981892323440581,77.71141751526594,6,6.0,Medium,12,0.35,24.372093023255815,Low Opportunity
OPP786,3,12.885379241696256,77.57116325598604,3,3.0,Medium,10,0.84,24.186046511627907,Low Opportunity
OPP787,2,12.901736193874894,77.55647826093764,3,3.0,Medium,10,1.15,24.186046511627907,Low Opportunity
OPP788,4,12.990154273666766,77.6812456478931,3,3.0,Medium,10,0.72,24.186046511627907,Low Opportunity
OPP789,5,13.02558928261864,77.62608686214794,3,3.0,Medium,10,0.45,24.186046511627907,Low Opportunity
OPP790,5,13.056833779118739,77.62054985273586,3,3.0,Medium,10,0.36,24.186046511627907,Low Opportunity
OPP791,1,12.95639207697343,77.72933772135714,10,10.0,High,15,0.04,23.95348837209302,Low Opportunity
OPP792,1,12.989896624203942,77.70285023368906,4,4.0,Medium,11,0.31,23.581395348837205,Low Opportunity
OPP793,5,13.025038443225204,77.66118953718303,1,1.0,Low,9,0.76,23.395348837209305,Low Opportunity
OPP794,5,13.073338962985046,77.64700660567128,1,1.0,Low,9,0.72,23.395348837209305,Low Opportunity
OPP795,1,12.96612055765193,77.72080889232903,8,8.0,Medium,14,0.25,23.16279069767442,Low Opportunity
OPP796,3,12.852633991272647,77.66798406808755,2,2.0,Low,10,0.71,22.790697674418606,Low Opportunity
OPP797,4,12.919868634967962,77.69559010476868,2,2.0,Low,10,0.17,22.790697674418606,Low Opportunity
OPP798,5,13.052720751565175,77.62678462516007,2,2.0,Low,10,0.65,22.790697674418606,Low Opportunity
OPP799,3,12.891829221171987,77.6384472942966,9,9.0,Medium,15,0.75,22.558139534883722,Low Opportunity
OPP800,3,12.892592956105561,77.67563362719096,6,6.0,Medium,13,0.81,22.372093023255815,Low Opportunity
OPP801,1,12.982401563270253,77.72092108720092,6,6.0,Medium,13,0.91,22.372093023255815,Low Opportunity
OPP802,4,12.939317277945568,77.7001136981467,3,3.0,Medium,11,0.52,22.186046511627904,Low Opportunity
OPP803,3,12.892862832478853,77.64651670116426,13,13.0,High,18,0.26,22.139534883720927,Low Opportunity
OPP804,1,12.945780879331513,77.70872674577541,7,7.0,Medium,14,0.69,21.76744186046512,Low Opportunity
OPP805,1,12.962835455734412,77.70189494783222,7,7.0,Medium,14,0.34,21.76744186046512,Low Opportunity
OPP806,1,12.973715809176245,77.71072106689856,4,4.0,Medium,12,0.59,21.58139534883721,Low Opportunity
OPP807,3,12.844329715281074,77.65286316397419,1,1.0,Low,10,0.56,21.3953488372093,Low Opportunity
OPP808,4,12.930139463143574,77.68831756367128,1,1.0,Low,10,0.58,21.3953488372093,Low Opportunity
OPP809,4,12.953946823315807,77.70099113514237,5,5.0,Medium,13,0.49,20.97674418604651,Low Opportunity
OPP810,3,12.901031130196616,77.64618146107176,15,15.0,High,20,0.58,20.930232558139533,Low Opportunity
OPP811,4,12.908273564153077,77.69131882592508,2,2.0,Low,11,0.67,20.790697674418603,Low Opportunity
OPP812,4,12.985277262571639,77.69183288919216,2,2.0,Low,11,0.67,20.790697674418603,Low Opportunity
OPP813,4,12.964029450836593,77.69324328889512,6,6.0,Medium,14,1.24,20.372093023255815,Low Opportunity
OPP814,4,12.939136878053608,77.69099484269863,3,3.0,Medium,12,0.49,20.186046511627907,Low Opportunity
OPP815,3,12.900206681570914,77.6720775101749,4,4.0,Medium,13,0.69,19.58139534883721,Low Opportunity
OPP816,3,12.891676498393956,77.66526315473227,2,2.0,Low,12,0.33,18.790697674418606,Low Opportunity
OPP817,4,12.912735187363634,77.67308323582546,2,2.0,Low,12,0.59,18.790697674418606,Low Opportunity
OPP818,5,13.023471844509622,77.65311041165131,2,2.0,Low,12,0.82,18.790697674418606,Low Opportunity
OPP819,1,12.956521965675101,77.72103431019407,4,4.0,Medium,15,0.14,15.581395348837209,Low Opportunity
OPP820,4,12.917987534190923,77.68465378575426,5,5.0,Medium,16,0.83,14.97674418604651,Low Opportunity
OPP821,3,12.901971583868733,77.65617905656637,4,4.0,Medium,16,0.47,13.581395348837209,Low Opportunity
